###不能拔出这一行,建筑唯一ID,美术资源信息,建筑名（自己看不导出）,建筑类型（1政府建筑2军事建筑3资源建筑4守护神建筑）,建筑名,建筑info说明,建筑等级,建筑大小（长#宽）,能否重复修建（0不能1能）,修建数量上限,能否拆除（0不能1能）,拆除消耗道具ID,前置建筑（ID#等级；…),粮食消耗,木材消耗,石头消耗,铁矿消耗,金币消耗,需求道具（ID#数量；…）,修建时间（秒）,经验,战力,修建动画,原画资源
ID,UID,ResouceName,Desc,Type,Name,Detail,ID1,STR_DefaultPos,ReBuild,BuildNumMax,INT_CanRemove,INT_RemoveCost,INT_PreBuild1Type,INT_FoodReq,INT_WoodReq,INT_StoneReq,INT_IronReq,INT_CoinReq,INT_Item1Req,INT_BuildTime,INT_ExpAward,INT_PowerAward,BuildingAni,PaintingRes
int,int,string,string,int,string,string,int,string,int,int,int,int,string,int,int,int,int,int,string,int,int,int,string,string
101,1,0,城堡,1,LC_BUILD_Castle_Name,LC_BUILD_Castle_Description,1,2#2,0,1,0,0,0,133,0,0,0,0,0,0,10,3,city_building_hospital_01_building,function_build_pic_cbt_castle
102,1,0,城堡,1,LC_BUILD_Castle_Name,LC_BUILD_Castle_Description,2,2#2,0,1,0,0,0,253,0,0,0,0,0,230,25,6,city_building_hospital_01_building,function_build_pic_cbt_castle
103,1,0,城堡,1,LC_BUILD_Castle_Name,LC_BUILD_Castle_Description,3,2#2,0,1,0,0,0,481,0,0,0,0,0,460,50,12,city_building_hospital_01_building,function_build_pic_cbt_castle
104,1,0,城堡,1,LC_BUILD_Castle_Name,LC_BUILD_Castle_Description,4,2#2,0,1,0,0,0,914,0,0,0,0,0,920,200,23,city_building_hospital_01_building,function_build_pic_cbt_castle
105,1,0,城堡,1,LC_BUILD_Castle_Name,LC_BUILD_Castle_Description,5,2#2,0,1,0,0,0,1738,1738,1738,0,0,0,1840,400,45,city_building_hospital_01_building,function_build_pic_cbt_castle
106,1,0,城堡,1,LC_BUILD_Castle_Name,LC_BUILD_Castle_Description,6,2#2,0,1,0,0,0,3477,3477,3477,0,0,0,3680,500,89,city_building_hospital_01_building,function_build_pic_cbt_castle
107,1,0,城堡,1,LC_BUILD_Castle_Name,LC_BUILD_Castle_Description,7,2#2,0,1,0,0,0,6954,6954,6954,0,0,0,7360,500,178,city_building_hospital_01_building,function_build_pic_cbt_castle
108,1,0,城堡,1,LC_BUILD_Castle_Name,LC_BUILD_Castle_Description,8,2#2,0,1,0,0,0,13909,13909,13909,0,0,0,14720,500,356,city_building_hospital_01_building,function_build_pic_cbt_castle
109,1,0,城堡,1,LC_BUILD_Castle_Name,LC_BUILD_Castle_Description,9,2#2,0,1,0,0,0,27818,27818,27818,0,0,0,29440,500,711,city_building_hospital_01_building,function_build_pic_cbt_castle
110,1,0,城堡,1,LC_BUILD_Castle_Name,LC_BUILD_Castle_Description,10,2#2,0,1,0,0,0,41728,41728,41728,41728,0,0,58880,500,1357,city_building_hospital_01_building,function_build_pic_cbt_castle
111,1,0,城堡,1,LC_BUILD_Castle_Name,LC_BUILD_Castle_Description,11,2#2,0,1,0,0,0,62592,62592,62592,62592,0,0,70656,500,1687,city_building_hospital_01_building,function_build_pic_cbt_castle
112,1,0,城堡,1,LC_BUILD_Castle_Name,LC_BUILD_Castle_Description,12,2#2,0,1,0,0,0,93888,93888,93888,93888,0,0,84787,500,2113,city_building_hospital_01_building,function_build_pic_cbt_castle
113,1,0,城堡,1,LC_BUILD_Castle_Name,LC_BUILD_Castle_Description,13,2#2,0,1,0,0,0,140832,140832,140832,140832,0,0,101744,500,2667,city_building_hospital_01_building,function_build_pic_cbt_castle
114,1,0,城堡,1,LC_BUILD_Castle_Name,LC_BUILD_Castle_Description,14,2#2,0,1,0,0,0,211248,211248,211248,211248,0,0,122093,1000,3398,city_building_hospital_01_building,function_build_pic_cbt_castle
115,1,0,城堡,1,LC_BUILD_Castle_Name,LC_BUILD_Castle_Description,15,2#2,0,1,0,0,0,316872,316872,316872,316872,0,0,146512,2000,4375,city_building_hospital_01_building,function_build_pic_cbt_castle
116,1,0,城堡,1,LC_BUILD_Castle_Name,LC_BUILD_Castle_Description,16,2#2,0,1,0,0,0,475308,475308,475308,475308,0,0,175815,2500,5695,city_building_hospital_01_building,function_build_pic_cbt_castle
117,1,0,城堡,1,LC_BUILD_Castle_Name,LC_BUILD_Castle_Description,17,2#2,0,1,0,0,0,712962,712962,712962,712962,0,0,246141,2500,8196,city_building_hospital_01_building,function_build_pic_cbt_castle
118,1,0,城堡,1,LC_BUILD_Castle_Name,LC_BUILD_Castle_Description,18,2#2,0,1,0,0,0,1069444,1069444,1069444,1069444,0,0,393826,5000,12779,city_building_hospital_01_building,function_build_pic_cbt_castle
119,1,0,城堡,1,LC_BUILD_Castle_Name,LC_BUILD_Castle_Description,19,2#2,0,1,0,0,0,1604166,1604166,1604166,1604166,0,0,708887,5000,21498,city_building_hospital_01_building,function_build_pic_cbt_castle
120,1,0,城堡,1,LC_BUILD_Castle_Name,LC_BUILD_Castle_Description,20,2#2,0,1,0,0,0,2406250,2406250,2406250,2406250,0,0,1275997,10000,36442,city_building_hospital_01_building,function_build_pic_cbt_castle
121,1,0,城堡,1,LC_BUILD_Castle_Name,LC_BUILD_Castle_Description,21,2#2,0,1,0,0,0,3609376,3609376,3609376,3609376,0,0,5103988,10000,117576,city_building_hospital_01_building,function_build_pic_cbt_castle
122,1,0,城堡,1,LC_BUILD_Castle_Name,LC_BUILD_Castle_Description,22,2#2,0,1,0,0,0,3609376,3609376,3609376,3609376,0,0,5103988,10000,117576,city_building_hospital_01_building,function_build_pic_cbt_castle
123,1,0,城堡,1,LC_BUILD_Castle_Name,LC_BUILD_Castle_Description,23,2#2,0,1,0,0,0,3609376,3609376,3609376,3609376,0,0,5103988,10000,117576,city_building_hospital_01_building,function_build_pic_cbt_castle
124,1,0,城堡,1,LC_BUILD_Castle_Name,LC_BUILD_Castle_Description,24,2#2,0,1,0,0,0,3609376,3609376,3609376,3609376,0,0,5103988,10000,117576,city_building_hospital_01_building,function_build_pic_cbt_castle
125,1,0,城堡,1,LC_BUILD_Castle_Name,LC_BUILD_Castle_Description,25,2#2,0,1,0,0,0,3609376,3609376,3609376,3609376,0,0,5103988,10000,117576,city_building_hospital_01_building,function_build_pic_cbt_castle
201,2,0,城墙,1,LC_BUILD_Wall_Name,LC_BUILD_Wall_Description,1,2#2,0,1,0,0,0,133,0,0,0,0,0,0,10,3,city_building_hospital_01_building,function_build_pic_cbt_wall
202,2,0,城墙,1,LC_BUILD_Wall_Name,LC_BUILD_Wall_Description,2,2#2,0,1,0,0,0,253,0,0,0,0,0,230,25,6,city_building_hospital_01_building,function_build_pic_cbt_wall
203,2,0,城墙,1,LC_BUILD_Wall_Name,LC_BUILD_Wall_Description,3,2#2,0,1,0,0,0,481,0,0,0,0,0,460,50,12,city_building_hospital_01_building,function_build_pic_cbt_wall
204,2,0,城墙,1,LC_BUILD_Wall_Name,LC_BUILD_Wall_Description,4,2#2,0,1,0,0,0,914,0,0,0,0,0,920,200,23,city_building_hospital_01_building,function_build_pic_cbt_wall
205,2,0,城墙,1,LC_BUILD_Wall_Name,LC_BUILD_Wall_Description,5,2#2,0,1,0,0,0,1738,1738,1738,0,0,0,1840,400,45,city_building_hospital_01_building,function_build_pic_cbt_wall
206,2,0,城墙,1,LC_BUILD_Wall_Name,LC_BUILD_Wall_Description,6,2#2,0,1,0,0,0,3477,3477,3477,0,0,0,3680,500,89,city_building_hospital_01_building,function_build_pic_cbt_wall
207,2,0,城墙,1,LC_BUILD_Wall_Name,LC_BUILD_Wall_Description,7,2#2,0,1,0,0,0,6954,6954,6954,0,0,0,7360,500,178,city_building_hospital_01_building,function_build_pic_cbt_wall
208,2,0,城墙,1,LC_BUILD_Wall_Name,LC_BUILD_Wall_Description,8,2#2,0,1,0,0,0,13909,13909,13909,0,0,0,14720,500,356,city_building_hospital_01_building,function_build_pic_cbt_wall
209,2,0,城墙,1,LC_BUILD_Wall_Name,LC_BUILD_Wall_Description,9,2#2,0,1,0,0,0,27818,27818,27818,0,0,0,29440,500,711,city_building_hospital_01_building,function_build_pic_cbt_wall
210,2,0,城墙,1,LC_BUILD_Wall_Name,LC_BUILD_Wall_Description,10,2#2,0,1,0,0,0,41728,41728,41728,41728,0,0,58880,500,1357,city_building_hospital_01_building,function_build_pic_cbt_wall
211,2,0,城墙,1,LC_BUILD_Wall_Name,LC_BUILD_Wall_Description,11,2#2,0,1,0,0,0,62592,62592,62592,62592,0,0,70656,500,1687,city_building_hospital_01_building,function_build_pic_cbt_wall
212,2,0,城墙,1,LC_BUILD_Wall_Name,LC_BUILD_Wall_Description,12,2#2,0,1,0,0,0,93888,93888,93888,93888,0,0,84787,500,2113,city_building_hospital_01_building,function_build_pic_cbt_wall
213,2,0,城墙,1,LC_BUILD_Wall_Name,LC_BUILD_Wall_Description,13,2#2,0,1,0,0,0,140832,140832,140832,140832,0,0,101744,500,2667,city_building_hospital_01_building,function_build_pic_cbt_wall
214,2,0,城墙,1,LC_BUILD_Wall_Name,LC_BUILD_Wall_Description,14,2#2,0,1,0,0,0,211248,211248,211248,211248,0,0,122093,1000,3398,city_building_hospital_01_building,function_build_pic_cbt_wall
215,2,0,城墙,1,LC_BUILD_Wall_Name,LC_BUILD_Wall_Description,15,2#2,0,1,0,0,0,316872,316872,316872,316872,0,0,146512,2000,4375,city_building_hospital_01_building,function_build_pic_cbt_wall
216,2,0,城墙,1,LC_BUILD_Wall_Name,LC_BUILD_Wall_Description,16,2#2,0,1,0,0,0,475308,475308,475308,475308,0,0,175815,2500,5695,city_building_hospital_01_building,function_build_pic_cbt_wall
217,2,0,城墙,1,LC_BUILD_Wall_Name,LC_BUILD_Wall_Description,17,2#2,0,1,0,0,0,712962,712962,712962,712962,0,0,246141,2500,8196,city_building_hospital_01_building,function_build_pic_cbt_wall
218,2,0,城墙,1,LC_BUILD_Wall_Name,LC_BUILD_Wall_Description,18,2#2,0,1,0,0,0,1069444,1069444,1069444,1069444,0,0,393826,5000,12779,city_building_hospital_01_building,function_build_pic_cbt_wall
219,2,0,城墙,1,LC_BUILD_Wall_Name,LC_BUILD_Wall_Description,19,2#2,0,1,0,0,0,1604166,1604166,1604166,1604166,0,0,708887,5000,21498,city_building_hospital_01_building,function_build_pic_cbt_wall
220,2,0,城墙,1,LC_BUILD_Wall_Name,LC_BUILD_Wall_Description,20,2#2,0,1,0,0,0,2406250,2406250,2406250,2406250,0,0,1275997,10000,36442,city_building_hospital_01_building,function_build_pic_cbt_wall
221,2,0,城墙,1,LC_BUILD_Wall_Name,LC_BUILD_Wall_Description,21,2#2,0,1,0,0,0,3609376,3609376,3609376,3609376,0,0,5103988,10000,117576,city_building_hospital_01_building,function_build_pic_cbt_wall
222,2,0,城墙,1,LC_BUILD_Wall_Name,LC_BUILD_Wall_Description,22,2#2,0,1,0,0,0,3609376,3609376,3609376,3609376,0,0,5103988,10000,117576,city_building_hospital_01_building,function_build_pic_cbt_wall
223,2,0,城墙,1,LC_BUILD_Wall_Name,LC_BUILD_Wall_Description,23,2#2,0,1,0,0,0,3609376,3609376,3609376,3609376,0,0,5103988,10000,117576,city_building_hospital_01_building,function_build_pic_cbt_wall
224,2,0,城墙,1,LC_BUILD_Wall_Name,LC_BUILD_Wall_Description,24,2#2,0,1,0,0,0,3609376,3609376,3609376,3609376,0,0,5103988,10000,117576,city_building_hospital_01_building,function_build_pic_cbt_wall
225,2,0,城墙,1,LC_BUILD_Wall_Name,LC_BUILD_Wall_Description,25,2#2,0,1,0,0,0,3609376,3609376,3609376,3609376,0,0,5103988,10000,117576,city_building_hospital_01_building,function_build_pic_cbt_wall
301,3,city_building_hospital_01,医院,2,LC_BUILD_Hospital_Name,LC_BUILD_Hospital_Description,1,2#2,1,17,1,101,0,481,0,0,0,0,0,460,50,12,city_building_hospital_01_building,function_build_pic_cbt_hospital
302,3,city_building_hospital_01,医院,2,LC_BUILD_Hospital_Name,LC_BUILD_Hospital_Description,2,2#2,1,17,1,101,0,914,0,0,0,0,0,920,200,23,city_building_hospital_01_building,function_build_pic_cbt_hospital
303,3,city_building_hospital_01,医院,2,LC_BUILD_Hospital_Name,LC_BUILD_Hospital_Description,3,2#2,1,17,1,101,0,481,0,0,0,0,0,460,50,12,city_building_hospital_01_building,function_build_pic_cbt_hospital
304,3,city_building_hospital_01,医院,2,LC_BUILD_Hospital_Name,LC_BUILD_Hospital_Description,4,2#2,1,17,1,101,0,914,0,0,0,0,0,920,200,23,city_building_hospital_01_building,function_build_pic_cbt_hospital
305,3,city_building_hospital_01,医院,2,LC_BUILD_Hospital_Name,LC_BUILD_Hospital_Description,5,2#2,1,17,1,101,0,1738,1738,1738,0,0,0,1840,400,45,city_building_hospital_01_building,function_build_pic_cbt_hospital
306,3,city_building_hospital_01,医院,2,LC_BUILD_Hospital_Name,LC_BUILD_Hospital_Description,6,2#2,1,17,1,101,0,3477,3477,3477,0,0,0,3680,500,89,city_building_hospital_01_building,function_build_pic_cbt_hospital
307,3,city_building_hospital_01,医院,2,LC_BUILD_Hospital_Name,LC_BUILD_Hospital_Description,7,2#2,1,17,1,101,0,6954,6954,6954,0,0,0,7360,500,178,city_building_hospital_01_building,function_build_pic_cbt_hospital
308,3,city_building_hospital_01,医院,2,LC_BUILD_Hospital_Name,LC_BUILD_Hospital_Description,8,2#2,1,17,1,101,0,13909,13909,13909,0,0,0,14720,500,356,city_building_hospital_01_building,function_build_pic_cbt_hospital
309,3,city_building_hospital_01,医院,2,LC_BUILD_Hospital_Name,LC_BUILD_Hospital_Description,9,2#2,1,17,1,101,0,27818,27818,27818,0,0,0,29440,500,711,city_building_hospital_01_building,function_build_pic_cbt_hospital
310,3,city_building_hospital_01,医院,2,LC_BUILD_Hospital_Name,LC_BUILD_Hospital_Description,10,2#2,1,17,1,101,0,41728,41728,41728,41728,0,0,58880,500,1357,city_building_hospital_01_building,function_build_pic_cbt_hospital
311,3,city_building_hospital_01,医院,2,LC_BUILD_Hospital_Name,LC_BUILD_Hospital_Description,11,2#2,1,17,1,101,0,62592,62592,62592,62592,0,0,70656,500,1687,city_building_hospital_01_building,function_build_pic_cbt_hospital
312,3,city_building_hospital_01,医院,2,LC_BUILD_Hospital_Name,LC_BUILD_Hospital_Description,12,2#2,1,17,1,101,0,93888,93888,93888,93888,0,0,84787,500,2113,city_building_hospital_01_building,function_build_pic_cbt_hospital
313,3,city_building_hospital_01,医院,2,LC_BUILD_Hospital_Name,LC_BUILD_Hospital_Description,13,2#2,1,17,1,101,0,140832,140832,140832,140832,0,0,101744,500,2667,city_building_hospital_01_building,function_build_pic_cbt_hospital
314,3,city_building_hospital_01,医院,2,LC_BUILD_Hospital_Name,LC_BUILD_Hospital_Description,14,2#2,1,17,1,101,0,211248,211248,211248,211248,0,0,122093,1000,3398,city_building_hospital_01_building,function_build_pic_cbt_hospital
315,3,city_building_hospital_01,医院,2,LC_BUILD_Hospital_Name,LC_BUILD_Hospital_Description,15,2#2,1,17,1,101,0,316872,316872,316872,316872,0,0,146512,2000,4375,city_building_hospital_01_building,function_build_pic_cbt_hospital
316,3,city_building_hospital_01,医院,2,LC_BUILD_Hospital_Name,LC_BUILD_Hospital_Description,16,2#2,1,17,1,101,0,475308,475308,475308,475308,0,0,175815,2500,5695,city_building_hospital_01_building,function_build_pic_cbt_hospital
317,3,city_building_hospital_01,医院,2,LC_BUILD_Hospital_Name,LC_BUILD_Hospital_Description,17,2#2,1,17,1,101,0,712962,712962,712962,712962,0,0,246141,2500,8196,city_building_hospital_01_building,function_build_pic_cbt_hospital
318,3,city_building_hospital_01,医院,2,LC_BUILD_Hospital_Name,LC_BUILD_Hospital_Description,18,2#2,1,17,1,101,0,1069444,1069444,1069444,1069444,0,0,393826,5000,12779,city_building_hospital_01_building,function_build_pic_cbt_hospital
319,3,city_building_hospital_01,医院,2,LC_BUILD_Hospital_Name,LC_BUILD_Hospital_Description,19,2#2,1,17,1,101,0,1604166,1604166,1604166,1604166,0,0,708887,5000,21498,city_building_hospital_01_building,function_build_pic_cbt_hospital
320,3,city_building_hospital_01,医院,2,LC_BUILD_Hospital_Name,LC_BUILD_Hospital_Description,20,2#2,1,17,1,101,0,2406250,2406250,2406250,2406250,0,0,1275997,10000,36442,city_building_hospital_01_building,function_build_pic_cbt_hospital
321,3,city_building_hospital_01,医院,2,LC_BUILD_Hospital_Name,LC_BUILD_Hospital_Description,21,2#2,1,17,1,101,0,3609376,3609376,3609376,3609376,0,0,5103988,10000,117576,city_building_hospital_01_building,function_build_pic_cbt_hospital
322,3,city_building_hospital_01,医院,2,LC_BUILD_Hospital_Name,LC_BUILD_Hospital_Description,22,2#2,1,17,1,101,0,3609376,3609376,3609376,3609376,0,0,5103988,10000,117576,city_building_hospital_01_building,function_build_pic_cbt_hospital
323,3,city_building_hospital_01,医院,2,LC_BUILD_Hospital_Name,LC_BUILD_Hospital_Description,23,2#2,1,17,1,101,0,3609376,3609376,3609376,3609376,0,0,5103988,10000,117576,city_building_hospital_01_building,function_build_pic_cbt_hospital
324,3,city_building_hospital_01,医院,2,LC_BUILD_Hospital_Name,LC_BUILD_Hospital_Description,24,2#2,1,17,1,101,0,3609376,3609376,3609376,3609376,0,0,5103988,10000,117576,city_building_hospital_01_building,function_build_pic_cbt_hospital
325,3,city_building_hospital_01,医院,2,LC_BUILD_Hospital_Name,LC_BUILD_Hospital_Description,25,2#2,1,17,1,101,0,3609376,3609376,3609376,3609376,0,0,5103988,10000,117576,city_building_hospital_01_building,function_build_pic_cbt_hospital
401,4,0,哨塔,1,LC_BUILD_Agora_name,LC_BUILD_Agora_detail,1,2#2,0,1,0,0,0,481,0,0,0,0,0,460,50,12,city_building_hospital_01_building,function_build_pic_cbt_barracks
402,4,0,哨塔,1,LC_BUILD_Agora_name,LC_BUILD_Agora_detail,2,2#2,0,1,0,0,0,914,0,0,0,0,0,920,200,23,city_building_hospital_01_building,function_build_pic_cbt_barracks
403,4,0,哨塔,1,LC_BUILD_Agora_name,LC_BUILD_Agora_detail,3,2#2,0,1,0,0,0,481,0,0,0,0,0,460,50,12,city_building_hospital_01_building,function_build_pic_cbt_barracks
404,4,0,哨塔,1,LC_BUILD_Agora_name,LC_BUILD_Agora_detail,4,2#2,0,1,0,0,0,914,0,0,0,0,0,920,200,23,city_building_hospital_01_building,function_build_pic_cbt_barracks
405,4,0,哨塔,1,LC_BUILD_Agora_name,LC_BUILD_Agora_detail,5,2#2,0,1,0,0,0,1738,1738,1738,0,0,0,1840,400,45,city_building_hospital_01_building,function_build_pic_cbt_barracks
406,4,0,哨塔,1,LC_BUILD_Agora_name,LC_BUILD_Agora_detail,6,2#2,0,1,0,0,0,3477,3477,3477,0,0,0,3680,500,89,city_building_hospital_01_building,function_build_pic_cbt_barracks
407,4,0,哨塔,1,LC_BUILD_Agora_name,LC_BUILD_Agora_detail,7,2#2,0,1,0,0,0,6954,6954,6954,0,0,0,7360,500,178,city_building_hospital_01_building,function_build_pic_cbt_barracks
408,4,0,哨塔,1,LC_BUILD_Agora_name,LC_BUILD_Agora_detail,8,2#2,0,1,0,0,0,13909,13909,13909,0,0,0,14720,500,356,city_building_hospital_01_building,function_build_pic_cbt_barracks
409,4,0,哨塔,1,LC_BUILD_Agora_name,LC_BUILD_Agora_detail,9,2#2,0,1,0,0,0,27818,27818,27818,0,0,0,29440,500,711,city_building_hospital_01_building,function_build_pic_cbt_barracks
410,4,0,哨塔,1,LC_BUILD_Agora_name,LC_BUILD_Agora_detail,10,2#2,0,1,0,0,0,41728,41728,41728,41728,0,0,58880,500,1357,city_building_hospital_01_building,function_build_pic_cbt_barracks
411,4,0,哨塔,1,LC_BUILD_Agora_name,LC_BUILD_Agora_detail,11,2#2,0,1,0,0,0,62592,62592,62592,62592,0,0,70656,500,1687,city_building_hospital_01_building,function_build_pic_cbt_barracks
412,4,0,哨塔,1,LC_BUILD_Agora_name,LC_BUILD_Agora_detail,12,2#2,0,1,0,0,0,93888,93888,93888,93888,0,0,84787,500,2113,city_building_hospital_01_building,function_build_pic_cbt_barracks
413,4,0,哨塔,1,LC_BUILD_Agora_name,LC_BUILD_Agora_detail,13,2#2,0,1,0,0,0,140832,140832,140832,140832,0,0,101744,500,2667,city_building_hospital_01_building,function_build_pic_cbt_barracks
414,4,0,哨塔,1,LC_BUILD_Agora_name,LC_BUILD_Agora_detail,14,2#2,0,1,0,0,0,211248,211248,211248,211248,0,0,122093,1000,3398,city_building_hospital_01_building,function_build_pic_cbt_barracks
415,4,0,哨塔,1,LC_BUILD_Agora_name,LC_BUILD_Agora_detail,15,2#2,0,1,0,0,0,316872,316872,316872,316872,0,0,146512,2000,4375,city_building_hospital_01_building,function_build_pic_cbt_barracks
416,4,0,哨塔,1,LC_BUILD_Agora_name,LC_BUILD_Agora_detail,16,2#2,0,1,0,0,0,475308,475308,475308,475308,0,0,175815,2500,5695,city_building_hospital_01_building,function_build_pic_cbt_barracks
417,4,0,哨塔,1,LC_BUILD_Agora_name,LC_BUILD_Agora_detail,17,2#2,0,1,0,0,0,712962,712962,712962,712962,0,0,246141,2500,8196,city_building_hospital_01_building,function_build_pic_cbt_barracks
418,4,0,哨塔,1,LC_BUILD_Agora_name,LC_BUILD_Agora_detail,18,2#2,0,1,0,0,0,1069444,1069444,1069444,1069444,0,0,393826,5000,12779,city_building_hospital_01_building,function_build_pic_cbt_barracks
419,4,0,哨塔,1,LC_BUILD_Agora_name,LC_BUILD_Agora_detail,19,2#2,0,1,0,0,0,1604166,1604166,1604166,1604166,0,0,708887,5000,21498,city_building_hospital_01_building,function_build_pic_cbt_barracks
420,4,0,哨塔,1,LC_BUILD_Agora_name,LC_BUILD_Agora_detail,20,2#2,0,1,0,0,0,2406250,2406250,2406250,2406250,0,0,1275997,10000,36442,city_building_hospital_01_building,function_build_pic_cbt_barracks
421,4,0,哨塔,1,LC_BUILD_Agora_name,LC_BUILD_Agora_detail,21,2#2,0,1,0,0,0,3609376,3609376,3609376,3609376,0,0,5103988,10000,117576,city_building_hospital_01_building,function_build_pic_cbt_barracks
422,4,0,哨塔,1,LC_BUILD_Agora_name,LC_BUILD_Agora_detail,22,2#2,0,1,0,0,0,3609376,3609376,3609376,3609376,0,0,5103988,10000,117576,city_building_hospital_01_building,function_build_pic_cbt_barracks
423,4,0,哨塔,1,LC_BUILD_Agora_name,LC_BUILD_Agora_detail,23,2#2,0,1,0,0,0,3609376,3609376,3609376,3609376,0,0,5103988,10000,117576,city_building_hospital_01_building,function_build_pic_cbt_barracks
424,4,0,哨塔,1,LC_BUILD_Agora_name,LC_BUILD_Agora_detail,24,2#2,0,1,0,0,0,3609376,3609376,3609376,3609376,0,0,5103988,10000,117576,city_building_hospital_01_building,function_build_pic_cbt_barracks
425,4,0,哨塔,1,LC_BUILD_Agora_name,LC_BUILD_Agora_detail,25,2#2,0,1,0,0,0,3609376,3609376,3609376,3609376,0,0,5103988,10000,117576,city_building_hospital_01_building,function_build_pic_cbt_barracks
501,5,city_building_barrack_03,兵营,2,LC_BUILD_Barracks_Name,LC_BUILD_Barracks_Description,1,2#3,1,17,1,101,0,481,0,0,0,0,0,460,50,12,city_building_barrack_03_building,function_build_pic_cbt_barracks
502,5,city_building_barrack_03,兵营,2,LC_BUILD_Barracks_Name,LC_BUILD_Barracks_Description,2,2#3,1,17,1,101,0,914,0,0,0,0,0,920,200,23,city_building_barrack_03_building,function_build_pic_cbt_barracks
503,5,city_building_barrack_03,兵营,2,LC_BUILD_Barracks_Name,LC_BUILD_Barracks_Description,3,2#3,1,17,1,101,0,481,0,0,0,0,0,460,50,12,city_building_barrack_03_building,function_build_pic_cbt_barracks
504,5,city_building_barrack_03,兵营,2,LC_BUILD_Barracks_Name,LC_BUILD_Barracks_Description,4,2#3,1,17,1,101,0,914,0,0,0,0,0,920,200,23,city_building_barrack_03_building,function_build_pic_cbt_barracks
505,5,city_building_barrack_03,兵营,2,LC_BUILD_Barracks_Name,LC_BUILD_Barracks_Description,5,2#3,1,17,1,101,0,1738,1738,1738,0,0,0,1840,400,45,city_building_barrack_03_building,function_build_pic_cbt_barracks
506,5,city_building_barrack_03,兵营,2,LC_BUILD_Barracks_Name,LC_BUILD_Barracks_Description,6,2#3,1,17,1,101,0,3477,3477,3477,0,0,0,3680,500,89,city_building_barrack_03_building,function_build_pic_cbt_barracks
507,5,city_building_barrack_03,兵营,2,LC_BUILD_Barracks_Name,LC_BUILD_Barracks_Description,7,2#3,1,17,1,101,0,6954,6954,6954,0,0,0,7360,500,178,city_building_barrack_03_building,function_build_pic_cbt_barracks
508,5,city_building_barrack_03,兵营,2,LC_BUILD_Barracks_Name,LC_BUILD_Barracks_Description,8,2#3,1,17,1,101,0,13909,13909,13909,0,0,0,14720,500,356,city_building_barrack_03_building,function_build_pic_cbt_barracks
509,5,city_building_barrack_03,兵营,2,LC_BUILD_Barracks_Name,LC_BUILD_Barracks_Description,9,2#3,1,17,1,101,0,27818,27818,27818,0,0,0,29440,500,711,city_building_barrack_03_building,function_build_pic_cbt_barracks
510,5,city_building_barrack_03,兵营,2,LC_BUILD_Barracks_Name,LC_BUILD_Barracks_Description,10,2#3,1,17,1,101,0,41728,41728,41728,41728,0,0,58880,500,1357,city_building_barrack_03_building,function_build_pic_cbt_barracks
511,5,city_building_barrack_03,兵营,2,LC_BUILD_Barracks_Name,LC_BUILD_Barracks_Description,11,2#3,1,17,1,101,0,62592,62592,62592,62592,0,0,70656,500,1687,city_building_barrack_03_building,function_build_pic_cbt_barracks
512,5,city_building_barrack_03,兵营,2,LC_BUILD_Barracks_Name,LC_BUILD_Barracks_Description,12,2#3,1,17,1,101,0,93888,93888,93888,93888,0,0,84787,500,2113,city_building_barrack_03_building,function_build_pic_cbt_barracks
513,5,city_building_barrack_03,兵营,2,LC_BUILD_Barracks_Name,LC_BUILD_Barracks_Description,13,2#3,1,17,1,101,0,140832,140832,140832,140832,0,0,101744,500,2667,city_building_barrack_03_building,function_build_pic_cbt_barracks
514,5,city_building_barrack_03,兵营,2,LC_BUILD_Barracks_Name,LC_BUILD_Barracks_Description,14,2#3,1,17,1,101,0,211248,211248,211248,211248,0,0,122093,1000,3398,city_building_barrack_03_building,function_build_pic_cbt_barracks
515,5,city_building_barrack_03,兵营,2,LC_BUILD_Barracks_Name,LC_BUILD_Barracks_Description,15,2#3,1,17,1,101,0,316872,316872,316872,316872,0,0,146512,2000,4375,city_building_barrack_03_building,function_build_pic_cbt_barracks
516,5,city_building_barrack_03,兵营,2,LC_BUILD_Barracks_Name,LC_BUILD_Barracks_Description,16,2#3,1,17,1,101,0,475308,475308,475308,475308,0,0,175815,2500,5695,city_building_barrack_03_building,function_build_pic_cbt_barracks
517,5,city_building_barrack_03,兵营,2,LC_BUILD_Barracks_Name,LC_BUILD_Barracks_Description,17,2#3,1,17,1,101,0,712962,712962,712962,712962,0,0,246141,2500,8196,city_building_barrack_03_building,function_build_pic_cbt_barracks
518,5,city_building_barrack_03,兵营,2,LC_BUILD_Barracks_Name,LC_BUILD_Barracks_Description,18,2#3,1,17,1,101,0,1069444,1069444,1069444,1069444,0,0,393826,5000,12779,city_building_barrack_03_building,function_build_pic_cbt_barracks
519,5,city_building_barrack_03,兵营,2,LC_BUILD_Barracks_Name,LC_BUILD_Barracks_Description,19,2#3,1,17,1,101,0,1604166,1604166,1604166,1604166,0,0,708887,5000,21498,city_building_barrack_03_building,function_build_pic_cbt_barracks
520,5,city_building_barrack_03,兵营,2,LC_BUILD_Barracks_Name,LC_BUILD_Barracks_Description,20,2#3,1,17,1,101,0,2406250,2406250,2406250,2406250,0,0,1275997,10000,36442,city_building_barrack_03_building,function_build_pic_cbt_barracks
521,5,city_building_barrack_03,兵营,2,LC_BUILD_Barracks_Name,LC_BUILD_Barracks_Description,21,2#3,1,17,1,101,0,3609376,3609376,3609376,3609376,0,0,5103988,10000,117576,city_building_barrack_03_building,function_build_pic_cbt_barracks
522,5,city_building_barrack_03,兵营,2,LC_BUILD_Barracks_Name,LC_BUILD_Barracks_Description,22,2#3,1,17,1,101,0,3609376,3609376,3609376,3609376,0,0,5103988,10000,117576,city_building_barrack_03_building,function_build_pic_cbt_barracks
523,5,city_building_barrack_03,兵营,2,LC_BUILD_Barracks_Name,LC_BUILD_Barracks_Description,23,2#3,1,17,1,101,0,3609376,3609376,3609376,3609376,0,0,5103988,10000,117576,city_building_barrack_03_building,function_build_pic_cbt_barracks
524,5,city_building_barrack_03,兵营,2,LC_BUILD_Barracks_Name,LC_BUILD_Barracks_Description,24,2#3,1,17,1,101,0,3609376,3609376,3609376,3609376,0,0,5103988,10000,117576,city_building_barrack_03_building,function_build_pic_cbt_barracks
525,5,city_building_barrack_03,兵营,2,LC_BUILD_Barracks_Name,LC_BUILD_Barracks_Description,25,2#3,1,17,1,101,0,3609376,3609376,3609376,3609376,0,0,5103988,10000,117576,city_building_barrack_03_building,function_build_pic_cbt_barracks
601,6,city_building_warehouse_01,仓库,1,LC_BUILD_Granary_Name,LC_BUILD_Granary_Description,1,2#2,0,1,0,0,0,481,0,0,0,0,0,460,50,12,city_building_hospital_01_building,function_build_pic_cbt_storage
602,6,city_building_warehouse_01,仓库,1,LC_BUILD_Granary_Name,LC_BUILD_Granary_Description,2,2#2,0,1,0,0,0,914,0,0,0,0,0,920,200,23,city_building_hospital_01_building,function_build_pic_cbt_storage
603,6,city_building_warehouse_01,仓库,1,LC_BUILD_Granary_Name,LC_BUILD_Granary_Description,3,2#2,0,1,0,0,0,481,0,0,0,0,0,460,50,12,city_building_hospital_01_building,function_build_pic_cbt_storage
604,6,city_building_warehouse_01,仓库,1,LC_BUILD_Granary_Name,LC_BUILD_Granary_Description,4,2#2,0,1,0,0,0,914,0,0,0,0,0,920,200,23,city_building_hospital_01_building,function_build_pic_cbt_storage
605,6,city_building_warehouse_01,仓库,1,LC_BUILD_Granary_Name,LC_BUILD_Granary_Description,5,2#2,0,1,0,0,0,1738,1738,1738,0,0,0,1840,400,45,city_building_hospital_01_building,function_build_pic_cbt_storage
606,6,city_building_warehouse_01,仓库,1,LC_BUILD_Granary_Name,LC_BUILD_Granary_Description,6,2#2,0,1,0,0,0,3477,3477,3477,0,0,0,3680,500,89,city_building_hospital_01_building,function_build_pic_cbt_storage
607,6,city_building_warehouse_01,仓库,1,LC_BUILD_Granary_Name,LC_BUILD_Granary_Description,7,2#2,0,1,0,0,0,6954,6954,6954,0,0,0,7360,500,178,city_building_hospital_01_building,function_build_pic_cbt_storage
608,6,city_building_warehouse_01,仓库,1,LC_BUILD_Granary_Name,LC_BUILD_Granary_Description,8,2#2,0,1,0,0,0,13909,13909,13909,0,0,0,14720,500,356,city_building_hospital_01_building,function_build_pic_cbt_storage
609,6,city_building_warehouse_01,仓库,1,LC_BUILD_Granary_Name,LC_BUILD_Granary_Description,9,2#2,0,1,0,0,0,27818,27818,27818,0,0,0,29440,500,711,city_building_hospital_01_building,function_build_pic_cbt_storage
610,6,city_building_warehouse_01,仓库,1,LC_BUILD_Granary_Name,LC_BUILD_Granary_Description,10,2#2,0,1,0,0,0,41728,41728,41728,41728,0,0,58880,500,1357,city_building_hospital_01_building,function_build_pic_cbt_storage
611,6,city_building_warehouse_01,仓库,1,LC_BUILD_Granary_Name,LC_BUILD_Granary_Description,11,2#2,0,1,0,0,0,62592,62592,62592,62592,0,0,70656,500,1687,city_building_hospital_01_building,function_build_pic_cbt_storage
612,6,city_building_warehouse_01,仓库,1,LC_BUILD_Granary_Name,LC_BUILD_Granary_Description,12,2#2,0,1,0,0,0,93888,93888,93888,93888,0,0,84787,500,2113,city_building_hospital_01_building,function_build_pic_cbt_storage
613,6,city_building_warehouse_01,仓库,1,LC_BUILD_Granary_Name,LC_BUILD_Granary_Description,13,2#2,0,1,0,0,0,140832,140832,140832,140832,0,0,101744,500,2667,city_building_hospital_01_building,function_build_pic_cbt_storage
614,6,city_building_warehouse_01,仓库,1,LC_BUILD_Granary_Name,LC_BUILD_Granary_Description,14,2#2,0,1,0,0,0,211248,211248,211248,211248,0,0,122093,1000,3398,city_building_hospital_01_building,function_build_pic_cbt_storage
615,6,city_building_warehouse_01,仓库,1,LC_BUILD_Granary_Name,LC_BUILD_Granary_Description,15,2#2,0,1,0,0,0,316872,316872,316872,316872,0,0,146512,2000,4375,city_building_hospital_01_building,function_build_pic_cbt_storage
616,6,city_building_warehouse_01,仓库,1,LC_BUILD_Granary_Name,LC_BUILD_Granary_Description,16,2#2,0,1,0,0,0,475308,475308,475308,475308,0,0,175815,2500,5695,city_building_hospital_01_building,function_build_pic_cbt_storage
617,6,city_building_warehouse_01,仓库,1,LC_BUILD_Granary_Name,LC_BUILD_Granary_Description,17,2#2,0,1,0,0,0,712962,712962,712962,712962,0,0,246141,2500,8196,city_building_hospital_01_building,function_build_pic_cbt_storage
618,6,city_building_warehouse_01,仓库,1,LC_BUILD_Granary_Name,LC_BUILD_Granary_Description,18,2#2,0,1,0,0,0,1069444,1069444,1069444,1069444,0,0,393826,5000,12779,city_building_hospital_01_building,function_build_pic_cbt_storage
619,6,city_building_warehouse_01,仓库,1,LC_BUILD_Granary_Name,LC_BUILD_Granary_Description,19,2#2,0,1,0,0,0,1604166,1604166,1604166,1604166,0,0,708887,5000,21498,city_building_hospital_01_building,function_build_pic_cbt_storage
620,6,city_building_warehouse_01,仓库,1,LC_BUILD_Granary_Name,LC_BUILD_Granary_Description,20,2#2,0,1,0,0,0,2406250,2406250,2406250,2406250,0,0,1275997,10000,36442,city_building_hospital_01_building,function_build_pic_cbt_storage
621,6,city_building_warehouse_01,仓库,1,LC_BUILD_Granary_Name,LC_BUILD_Granary_Description,21,2#2,0,1,0,0,0,3609376,3609376,3609376,3609376,0,0,5103988,10000,117576,city_building_hospital_01_building,function_build_pic_cbt_storage
622,6,city_building_warehouse_01,仓库,1,LC_BUILD_Granary_Name,LC_BUILD_Granary_Description,22,2#2,0,1,0,0,0,3609376,3609376,3609376,3609376,0,0,5103988,10000,117576,city_building_hospital_01_building,function_build_pic_cbt_storage
623,6,city_building_warehouse_01,仓库,1,LC_BUILD_Granary_Name,LC_BUILD_Granary_Description,23,2#2,0,1,0,0,0,3609376,3609376,3609376,3609376,0,0,5103988,10000,117576,city_building_hospital_01_building,function_build_pic_cbt_storage
624,6,city_building_warehouse_01,仓库,1,LC_BUILD_Granary_Name,LC_BUILD_Granary_Description,24,2#2,0,1,0,0,0,3609376,3609376,3609376,3609376,0,0,5103988,10000,117576,city_building_hospital_01_building,function_build_pic_cbt_storage
625,6,city_building_warehouse_01,仓库,1,LC_BUILD_Granary_Name,LC_BUILD_Granary_Description,25,2#2,0,1,0,0,0,3609376,3609376,3609376,3609376,0,0,5103988,10000,117576,city_building_hospital_01_building,function_build_pic_cbt_storage
701,7,city_building_ordnance_01,军械所,1,LC_BUILD_Armaments_Name,LC_BUILD_Armaments_Description,1,3#2,0,1,0,0,0,481,0,0,0,0,0,460,50,12,city_building_hospital_01_building,function_build_pic_cbt_ordnance
702,7,city_building_ordnance_01,军械所,1,LC_BUILD_Armaments_Name,LC_BUILD_Armaments_Description,2,3#2,0,1,0,0,0,914,0,0,0,0,0,920,200,23,city_building_hospital_01_building,function_build_pic_cbt_ordnance
703,7,city_building_ordnance_01,军械所,1,LC_BUILD_Armaments_Name,LC_BUILD_Armaments_Description,3,3#2,0,1,0,0,0,481,0,0,0,0,0,460,50,12,city_building_hospital_01_building,function_build_pic_cbt_ordnance
704,7,city_building_ordnance_01,军械所,1,LC_BUILD_Armaments_Name,LC_BUILD_Armaments_Description,4,3#2,0,1,0,0,0,914,0,0,0,0,0,920,200,23,city_building_hospital_01_building,function_build_pic_cbt_ordnance
705,7,city_building_ordnance_01,军械所,1,LC_BUILD_Armaments_Name,LC_BUILD_Armaments_Description,5,3#2,0,1,0,0,0,1738,1738,1738,0,0,0,1840,400,45,city_building_hospital_01_building,function_build_pic_cbt_ordnance
706,7,city_building_ordnance_01,军械所,1,LC_BUILD_Armaments_Name,LC_BUILD_Armaments_Description,6,3#2,0,1,0,0,0,3477,3477,3477,0,0,0,3680,500,89,city_building_hospital_01_building,function_build_pic_cbt_ordnance
707,7,city_building_ordnance_01,军械所,1,LC_BUILD_Armaments_Name,LC_BUILD_Armaments_Description,7,3#2,0,1,0,0,0,6954,6954,6954,0,0,0,7360,500,178,city_building_hospital_01_building,function_build_pic_cbt_ordnance
708,7,city_building_ordnance_01,军械所,1,LC_BUILD_Armaments_Name,LC_BUILD_Armaments_Description,8,3#2,0,1,0,0,0,13909,13909,13909,0,0,0,14720,500,356,city_building_hospital_01_building,function_build_pic_cbt_ordnance
709,7,city_building_ordnance_01,军械所,1,LC_BUILD_Armaments_Name,LC_BUILD_Armaments_Description,9,3#2,0,1,0,0,0,27818,27818,27818,0,0,0,29440,500,711,city_building_hospital_01_building,function_build_pic_cbt_ordnance
710,7,city_building_ordnance_01,军械所,1,LC_BUILD_Armaments_Name,LC_BUILD_Armaments_Description,10,3#2,0,1,0,0,0,41728,41728,41728,41728,0,0,58880,500,1357,city_building_hospital_01_building,function_build_pic_cbt_ordnance
711,7,city_building_ordnance_01,军械所,1,LC_BUILD_Armaments_Name,LC_BUILD_Armaments_Description,11,3#2,0,1,0,0,0,62592,62592,62592,62592,0,0,70656,500,1687,city_building_hospital_01_building,function_build_pic_cbt_ordnance
712,7,city_building_ordnance_01,军械所,1,LC_BUILD_Armaments_Name,LC_BUILD_Armaments_Description,12,3#2,0,1,0,0,0,93888,93888,93888,93888,0,0,84787,500,2113,city_building_hospital_01_building,function_build_pic_cbt_ordnance
713,7,city_building_ordnance_01,军械所,1,LC_BUILD_Armaments_Name,LC_BUILD_Armaments_Description,13,3#2,0,1,0,0,0,140832,140832,140832,140832,0,0,101744,500,2667,city_building_hospital_01_building,function_build_pic_cbt_ordnance
714,7,city_building_ordnance_01,军械所,1,LC_BUILD_Armaments_Name,LC_BUILD_Armaments_Description,14,3#2,0,1,0,0,0,211248,211248,211248,211248,0,0,122093,1000,3398,city_building_hospital_01_building,function_build_pic_cbt_ordnance
715,7,city_building_ordnance_01,军械所,1,LC_BUILD_Armaments_Name,LC_BUILD_Armaments_Description,15,3#2,0,1,0,0,0,316872,316872,316872,316872,0,0,146512,2000,4375,city_building_hospital_01_building,function_build_pic_cbt_ordnance
716,7,city_building_ordnance_01,军械所,1,LC_BUILD_Armaments_Name,LC_BUILD_Armaments_Description,16,3#2,0,1,0,0,0,475308,475308,475308,475308,0,0,175815,2500,5695,city_building_hospital_01_building,function_build_pic_cbt_ordnance
717,7,city_building_ordnance_01,军械所,1,LC_BUILD_Armaments_Name,LC_BUILD_Armaments_Description,17,3#2,0,1,0,0,0,712962,712962,712962,712962,0,0,246141,2500,8196,city_building_hospital_01_building,function_build_pic_cbt_ordnance
718,7,city_building_ordnance_01,军械所,1,LC_BUILD_Armaments_Name,LC_BUILD_Armaments_Description,18,3#2,0,1,0,0,0,1069444,1069444,1069444,1069444,0,0,393826,5000,12779,city_building_hospital_01_building,function_build_pic_cbt_ordnance
719,7,city_building_ordnance_01,军械所,1,LC_BUILD_Armaments_Name,LC_BUILD_Armaments_Description,19,3#2,0,1,0,0,0,1604166,1604166,1604166,1604166,0,0,708887,5000,21498,city_building_hospital_01_building,function_build_pic_cbt_ordnance
720,7,city_building_ordnance_01,军械所,1,LC_BUILD_Armaments_Name,LC_BUILD_Armaments_Description,20,3#2,0,1,0,0,0,2406250,2406250,2406250,2406250,0,0,1275997,10000,36442,city_building_hospital_01_building,function_build_pic_cbt_ordnance
721,7,city_building_ordnance_01,军械所,1,LC_BUILD_Armaments_Name,LC_BUILD_Armaments_Description,21,3#2,0,1,0,0,0,3609376,3609376,3609376,3609376,0,0,5103988,10000,117576,city_building_hospital_01_building,function_build_pic_cbt_ordnance
722,7,city_building_ordnance_01,军械所,1,LC_BUILD_Armaments_Name,LC_BUILD_Armaments_Description,22,3#2,0,1,0,0,0,3609376,3609376,3609376,3609376,0,0,5103988,10000,117576,city_building_hospital_01_building,function_build_pic_cbt_ordnance
723,7,city_building_ordnance_01,军械所,1,LC_BUILD_Armaments_Name,LC_BUILD_Armaments_Description,23,3#2,0,1,0,0,0,3609376,3609376,3609376,3609376,0,0,5103988,10000,117576,city_building_hospital_01_building,function_build_pic_cbt_ordnance
724,7,city_building_ordnance_01,军械所,1,LC_BUILD_Armaments_Name,LC_BUILD_Armaments_Description,24,3#2,0,1,0,0,0,3609376,3609376,3609376,3609376,0,0,5103988,10000,117576,city_building_hospital_01_building,function_build_pic_cbt_ordnance
725,7,city_building_ordnance_01,军械所,1,LC_BUILD_Armaments_Name,LC_BUILD_Armaments_Description,25,3#2,0,1,0,0,0,3609376,3609376,3609376,3609376,0,0,5103988,10000,117576,city_building_hospital_01_building,function_build_pic_cbt_ordnance
901,9,city_building_farm_02,农场,3,LC_BUILD_Farm_Name,LC_BUILD_Farm_Description,1,1#1,1,17,1,101,0,481,0,0,0,0,0,460,50,12,city_building_hospital_01_building,function_build_pic_cbt_farm
902,9,city_building_farm_02,农场,3,LC_BUILD_Farm_Name,LC_BUILD_Farm_Description,2,1#1,1,17,1,101,0,914,0,0,0,0,0,920,200,23,city_building_hospital_01_building,function_build_pic_cbt_farm
903,9,city_building_farm_02,农场,3,LC_BUILD_Farm_Name,LC_BUILD_Farm_Description,3,1#1,1,17,1,101,0,481,0,0,0,0,0,460,50,12,city_building_hospital_01_building,function_build_pic_cbt_farm
904,9,city_building_farm_02,农场,3,LC_BUILD_Farm_Name,LC_BUILD_Farm_Description,4,1#1,1,17,1,101,0,914,0,0,0,0,0,920,200,23,city_building_hospital_01_building,function_build_pic_cbt_farm
905,9,city_building_farm_02,农场,3,LC_BUILD_Farm_Name,LC_BUILD_Farm_Description,5,1#1,1,17,1,101,0,1738,1738,1738,0,0,0,1840,400,45,city_building_hospital_01_building,function_build_pic_cbt_farm
906,9,city_building_farm_02,农场,3,LC_BUILD_Farm_Name,LC_BUILD_Farm_Description,6,1#1,1,17,1,101,0,3477,3477,3477,0,0,0,3680,500,89,city_building_hospital_01_building,function_build_pic_cbt_farm
907,9,city_building_farm_02,农场,3,LC_BUILD_Farm_Name,LC_BUILD_Farm_Description,7,1#1,1,17,1,101,0,6954,6954,6954,0,0,0,7360,500,178,city_building_hospital_01_building,function_build_pic_cbt_farm
908,9,city_building_farm_02,农场,3,LC_BUILD_Farm_Name,LC_BUILD_Farm_Description,8,1#1,1,17,1,101,0,13909,13909,13909,0,0,0,14720,500,356,city_building_hospital_01_building,function_build_pic_cbt_farm
909,9,city_building_farm_02,农场,3,LC_BUILD_Farm_Name,LC_BUILD_Farm_Description,9,1#1,1,17,1,101,0,27818,27818,27818,0,0,0,29440,500,711,city_building_hospital_01_building,function_build_pic_cbt_farm
910,9,city_building_farm_02,农场,3,LC_BUILD_Farm_Name,LC_BUILD_Farm_Description,10,1#1,1,17,1,101,0,41728,41728,41728,41728,0,0,58880,500,1357,city_building_hospital_01_building,function_build_pic_cbt_farm
911,9,city_building_farm_02,农场,3,LC_BUILD_Farm_Name,LC_BUILD_Farm_Description,11,1#1,1,17,1,101,0,62592,62592,62592,62592,0,0,70656,500,1687,city_building_hospital_01_building,function_build_pic_cbt_farm
912,9,city_building_farm_02,农场,3,LC_BUILD_Farm_Name,LC_BUILD_Farm_Description,12,1#1,1,17,1,101,0,93888,93888,93888,93888,0,0,84787,500,2113,city_building_hospital_01_building,function_build_pic_cbt_farm
913,9,city_building_farm_02,农场,3,LC_BUILD_Farm_Name,LC_BUILD_Farm_Description,13,1#1,1,17,1,101,0,140832,140832,140832,140832,0,0,101744,500,2667,city_building_hospital_01_building,function_build_pic_cbt_farm
914,9,city_building_farm_02,农场,3,LC_BUILD_Farm_Name,LC_BUILD_Farm_Description,14,1#1,1,17,1,101,0,211248,211248,211248,211248,0,0,122093,1000,3398,city_building_hospital_01_building,function_build_pic_cbt_farm
915,9,city_building_farm_02,农场,3,LC_BUILD_Farm_Name,LC_BUILD_Farm_Description,15,1#1,1,17,1,101,0,316872,316872,316872,316872,0,0,146512,2000,4375,city_building_hospital_01_building,function_build_pic_cbt_farm
916,9,city_building_farm_02,农场,3,LC_BUILD_Farm_Name,LC_BUILD_Farm_Description,16,1#1,1,17,1,101,0,475308,475308,475308,475308,0,0,175815,2500,5695,city_building_hospital_01_building,function_build_pic_cbt_farm
917,9,city_building_farm_02,农场,3,LC_BUILD_Farm_Name,LC_BUILD_Farm_Description,17,1#1,1,17,1,101,0,712962,712962,712962,712962,0,0,246141,2500,8196,city_building_hospital_01_building,function_build_pic_cbt_farm
918,9,city_building_farm_02,农场,3,LC_BUILD_Farm_Name,LC_BUILD_Farm_Description,18,1#1,1,17,1,101,0,1069444,1069444,1069444,1069444,0,0,393826,5000,12779,city_building_hospital_01_building,function_build_pic_cbt_farm
919,9,city_building_farm_02,农场,3,LC_BUILD_Farm_Name,LC_BUILD_Farm_Description,19,1#1,1,17,1,101,0,1604166,1604166,1604166,1604166,0,0,708887,5000,21498,city_building_hospital_01_building,function_build_pic_cbt_farm
920,9,city_building_farm_02,农场,3,LC_BUILD_Farm_Name,LC_BUILD_Farm_Description,20,1#1,1,17,1,101,0,2406250,2406250,2406250,2406250,0,0,1275997,10000,36442,city_building_hospital_01_building,function_build_pic_cbt_farm
921,9,city_building_farm_02,农场,3,LC_BUILD_Farm_Name,LC_BUILD_Farm_Description,21,1#1,1,17,1,101,0,3609376,3609376,3609376,3609376,0,0,5103988,10000,117576,city_building_hospital_01_building,function_build_pic_cbt_farm
922,9,city_building_farm_02,农场,3,LC_BUILD_Farm_Name,LC_BUILD_Farm_Description,22,1#1,1,17,1,101,0,3609376,3609376,3609376,3609376,0,0,5103988,10000,117576,city_building_hospital_01_building,function_build_pic_cbt_farm
923,9,city_building_farm_02,农场,3,LC_BUILD_Farm_Name,LC_BUILD_Farm_Description,23,1#1,1,17,1,101,0,3609376,3609376,3609376,3609376,0,0,5103988,10000,117576,city_building_hospital_01_building,function_build_pic_cbt_farm
924,9,city_building_farm_02,农场,3,LC_BUILD_Farm_Name,LC_BUILD_Farm_Description,24,1#1,1,17,1,101,0,3609376,3609376,3609376,3609376,0,0,5103988,10000,117576,city_building_hospital_01_building,function_build_pic_cbt_farm
925,9,city_building_farm_02,农场,3,LC_BUILD_Farm_Name,LC_BUILD_Farm_Description,25,1#1,1,17,1,101,0,3609376,3609376,3609376,3609376,0,0,5103988,10000,117576,city_building_hospital_01_building,function_build_pic_cbt_farm
1001,10,city_building_quarry_01,采石场,3,LC_BUILD_Quarry_Name,LC_BUILD_Quarry_Description,1,1#1,1,17,1,101,0,481,0,0,0,0,0,460,50,12,city_building_hospital_01_building,function_build_pic_cbt_quarry
1002,10,city_building_quarry_01,采石场,3,LC_BUILD_Quarry_Name,LC_BUILD_Quarry_Description,2,1#1,1,17,1,101,0,914,0,0,0,0,0,920,200,23,city_building_hospital_01_building,function_build_pic_cbt_quarry
1003,10,city_building_quarry_01,采石场,3,LC_BUILD_Quarry_Name,LC_BUILD_Quarry_Description,3,1#1,1,17,1,101,0,481,0,0,0,0,0,460,50,12,city_building_hospital_01_building,function_build_pic_cbt_quarry
1004,10,city_building_quarry_01,采石场,3,LC_BUILD_Quarry_Name,LC_BUILD_Quarry_Description,4,1#1,1,17,1,101,0,914,0,0,0,0,0,920,200,23,city_building_hospital_01_building,function_build_pic_cbt_quarry
1005,10,city_building_quarry_01,采石场,3,LC_BUILD_Quarry_Name,LC_BUILD_Quarry_Description,5,1#1,1,17,1,101,0,1738,1738,1738,0,0,0,1840,400,45,city_building_hospital_01_building,function_build_pic_cbt_quarry
1006,10,city_building_quarry_01,采石场,3,LC_BUILD_Quarry_Name,LC_BUILD_Quarry_Description,6,1#1,1,17,1,101,0,3477,3477,3477,0,0,0,3680,500,89,city_building_hospital_01_building,function_build_pic_cbt_quarry
1007,10,city_building_quarry_01,采石场,3,LC_BUILD_Quarry_Name,LC_BUILD_Quarry_Description,7,1#1,1,17,1,101,0,6954,6954,6954,0,0,0,7360,500,178,city_building_hospital_01_building,function_build_pic_cbt_quarry
1008,10,city_building_quarry_01,采石场,3,LC_BUILD_Quarry_Name,LC_BUILD_Quarry_Description,8,1#1,1,17,1,101,0,13909,13909,13909,0,0,0,14720,500,356,city_building_hospital_01_building,function_build_pic_cbt_quarry
1009,10,city_building_quarry_01,采石场,3,LC_BUILD_Quarry_Name,LC_BUILD_Quarry_Description,9,1#1,1,17,1,101,0,27818,27818,27818,0,0,0,29440,500,711,city_building_hospital_01_building,function_build_pic_cbt_quarry
1010,10,city_building_quarry_01,采石场,3,LC_BUILD_Quarry_Name,LC_BUILD_Quarry_Description,10,1#1,1,17,1,101,0,41728,41728,41728,41728,0,0,58880,500,1357,city_building_hospital_01_building,function_build_pic_cbt_quarry
1011,10,city_building_quarry_01,采石场,3,LC_BUILD_Quarry_Name,LC_BUILD_Quarry_Description,11,1#1,1,17,1,101,0,62592,62592,62592,62592,0,0,70656,500,1687,city_building_hospital_01_building,function_build_pic_cbt_quarry
1012,10,city_building_quarry_01,采石场,3,LC_BUILD_Quarry_Name,LC_BUILD_Quarry_Description,12,1#1,1,17,1,101,0,93888,93888,93888,93888,0,0,84787,500,2113,city_building_hospital_01_building,function_build_pic_cbt_quarry
1013,10,city_building_quarry_01,采石场,3,LC_BUILD_Quarry_Name,LC_BUILD_Quarry_Description,13,1#1,1,17,1,101,0,140832,140832,140832,140832,0,0,101744,500,2667,city_building_hospital_01_building,function_build_pic_cbt_quarry
1014,10,city_building_quarry_01,采石场,3,LC_BUILD_Quarry_Name,LC_BUILD_Quarry_Description,14,1#1,1,17,1,101,0,211248,211248,211248,211248,0,0,122093,1000,3398,city_building_hospital_01_building,function_build_pic_cbt_quarry
1015,10,city_building_quarry_01,采石场,3,LC_BUILD_Quarry_Name,LC_BUILD_Quarry_Description,15,1#1,1,17,1,101,0,316872,316872,316872,316872,0,0,146512,2000,4375,city_building_hospital_01_building,function_build_pic_cbt_quarry
1016,10,city_building_quarry_01,采石场,3,LC_BUILD_Quarry_Name,LC_BUILD_Quarry_Description,16,1#1,1,17,1,101,0,475308,475308,475308,475308,0,0,175815,2500,5695,city_building_hospital_01_building,function_build_pic_cbt_quarry
1017,10,city_building_quarry_01,采石场,3,LC_BUILD_Quarry_Name,LC_BUILD_Quarry_Description,17,1#1,1,17,1,101,0,712962,712962,712962,712962,0,0,246141,2500,8196,city_building_hospital_01_building,function_build_pic_cbt_quarry
1018,10,city_building_quarry_01,采石场,3,LC_BUILD_Quarry_Name,LC_BUILD_Quarry_Description,18,1#1,1,17,1,101,0,1069444,1069444,1069444,1069444,0,0,393826,5000,12779,city_building_hospital_01_building,function_build_pic_cbt_quarry
1019,10,city_building_quarry_01,采石场,3,LC_BUILD_Quarry_Name,LC_BUILD_Quarry_Description,19,1#1,1,17,1,101,0,1604166,1604166,1604166,1604166,0,0,708887,5000,21498,city_building_hospital_01_building,function_build_pic_cbt_quarry
1020,10,city_building_quarry_01,采石场,3,LC_BUILD_Quarry_Name,LC_BUILD_Quarry_Description,20,1#1,1,17,1,101,0,2406250,2406250,2406250,2406250,0,0,1275997,10000,36442,city_building_hospital_01_building,function_build_pic_cbt_quarry
1021,10,city_building_quarry_01,采石场,3,LC_BUILD_Quarry_Name,LC_BUILD_Quarry_Description,21,1#1,1,17,1,101,0,3609376,3609376,3609376,3609376,0,0,5103988,10000,117576,city_building_hospital_01_building,function_build_pic_cbt_quarry
1022,10,city_building_quarry_01,采石场,3,LC_BUILD_Quarry_Name,LC_BUILD_Quarry_Description,22,1#1,1,17,1,101,0,3609376,3609376,3609376,3609376,0,0,5103988,10000,117576,city_building_hospital_01_building,function_build_pic_cbt_quarry
1023,10,city_building_quarry_01,采石场,3,LC_BUILD_Quarry_Name,LC_BUILD_Quarry_Description,23,1#1,1,17,1,101,0,3609376,3609376,3609376,3609376,0,0,5103988,10000,117576,city_building_hospital_01_building,function_build_pic_cbt_quarry
1024,10,city_building_quarry_01,采石场,3,LC_BUILD_Quarry_Name,LC_BUILD_Quarry_Description,24,1#1,1,17,1,101,0,3609376,3609376,3609376,3609376,0,0,5103988,10000,117576,city_building_hospital_01_building,function_build_pic_cbt_quarry
1025,10,city_building_quarry_01,采石场,3,LC_BUILD_Quarry_Name,LC_BUILD_Quarry_Description,25,1#1,1,17,1,101,0,3609376,3609376,3609376,3609376,0,0,5103988,10000,117576,city_building_hospital_01_building,function_build_pic_cbt_quarry
1101,11,city_building_sawmill_01,伐木场,3,LC_BUILD_Sawmill_Name,LC_BUILD_Sawmill_Description,1,1#1,1,17,1,101,0,481,0,0,0,0,0,460,50,12,city_building_hospital_01_building,function_build_pic_cbt_sawmill
1102,11,city_building_sawmill_01,伐木场,3,LC_BUILD_Sawmill_Name,LC_BUILD_Sawmill_Description,2,1#1,1,17,1,101,0,914,0,0,0,0,0,920,200,23,city_building_hospital_01_building,function_build_pic_cbt_sawmill
1103,11,city_building_sawmill_01,伐木场,3,LC_BUILD_Sawmill_Name,LC_BUILD_Sawmill_Description,3,1#1,1,17,1,101,0,481,0,0,0,0,0,460,50,12,city_building_hospital_01_building,function_build_pic_cbt_sawmill
1104,11,city_building_sawmill_01,伐木场,3,LC_BUILD_Sawmill_Name,LC_BUILD_Sawmill_Description,4,1#1,1,17,1,101,0,914,0,0,0,0,0,920,200,23,city_building_hospital_01_building,function_build_pic_cbt_sawmill
1105,11,city_building_sawmill_01,伐木场,3,LC_BUILD_Sawmill_Name,LC_BUILD_Sawmill_Description,5,1#1,1,17,1,101,0,1738,1738,1738,0,0,0,1840,400,45,city_building_hospital_01_building,function_build_pic_cbt_sawmill
1106,11,city_building_sawmill_01,伐木场,3,LC_BUILD_Sawmill_Name,LC_BUILD_Sawmill_Description,6,1#1,1,17,1,101,0,3477,3477,3477,0,0,0,3680,500,89,city_building_hospital_01_building,function_build_pic_cbt_sawmill
1107,11,city_building_sawmill_01,伐木场,3,LC_BUILD_Sawmill_Name,LC_BUILD_Sawmill_Description,7,1#1,1,17,1,101,0,6954,6954,6954,0,0,0,7360,500,178,city_building_hospital_01_building,function_build_pic_cbt_sawmill
1108,11,city_building_sawmill_01,伐木场,3,LC_BUILD_Sawmill_Name,LC_BUILD_Sawmill_Description,8,1#1,1,17,1,101,0,13909,13909,13909,0,0,0,14720,500,356,city_building_hospital_01_building,function_build_pic_cbt_sawmill
1109,11,city_building_sawmill_01,伐木场,3,LC_BUILD_Sawmill_Name,LC_BUILD_Sawmill_Description,9,1#1,1,17,1,101,0,27818,27818,27818,0,0,0,29440,500,711,city_building_hospital_01_building,function_build_pic_cbt_sawmill
1110,11,city_building_sawmill_01,伐木场,3,LC_BUILD_Sawmill_Name,LC_BUILD_Sawmill_Description,10,1#1,1,17,1,101,0,41728,41728,41728,41728,0,0,58880,500,1357,city_building_hospital_01_building,function_build_pic_cbt_sawmill
1111,11,city_building_sawmill_01,伐木场,3,LC_BUILD_Sawmill_Name,LC_BUILD_Sawmill_Description,11,1#1,1,17,1,101,0,62592,62592,62592,62592,0,0,70656,500,1687,city_building_hospital_01_building,function_build_pic_cbt_sawmill
1112,11,city_building_sawmill_01,伐木场,3,LC_BUILD_Sawmill_Name,LC_BUILD_Sawmill_Description,12,1#1,1,17,1,101,0,93888,93888,93888,93888,0,0,84787,500,2113,city_building_hospital_01_building,function_build_pic_cbt_sawmill
1113,11,city_building_sawmill_01,伐木场,3,LC_BUILD_Sawmill_Name,LC_BUILD_Sawmill_Description,13,1#1,1,17,1,101,0,140832,140832,140832,140832,0,0,101744,500,2667,city_building_hospital_01_building,function_build_pic_cbt_sawmill
1114,11,city_building_sawmill_01,伐木场,3,LC_BUILD_Sawmill_Name,LC_BUILD_Sawmill_Description,14,1#1,1,17,1,101,0,211248,211248,211248,211248,0,0,122093,1000,3398,city_building_hospital_01_building,function_build_pic_cbt_sawmill
1115,11,city_building_sawmill_01,伐木场,3,LC_BUILD_Sawmill_Name,LC_BUILD_Sawmill_Description,15,1#1,1,17,1,101,0,316872,316872,316872,316872,0,0,146512,2000,4375,city_building_hospital_01_building,function_build_pic_cbt_sawmill
1116,11,city_building_sawmill_01,伐木场,3,LC_BUILD_Sawmill_Name,LC_BUILD_Sawmill_Description,16,1#1,1,17,1,101,0,475308,475308,475308,475308,0,0,175815,2500,5695,city_building_hospital_01_building,function_build_pic_cbt_sawmill
1117,11,city_building_sawmill_01,伐木场,3,LC_BUILD_Sawmill_Name,LC_BUILD_Sawmill_Description,17,1#1,1,17,1,101,0,712962,712962,712962,712962,0,0,246141,2500,8196,city_building_hospital_01_building,function_build_pic_cbt_sawmill
1118,11,city_building_sawmill_01,伐木场,3,LC_BUILD_Sawmill_Name,LC_BUILD_Sawmill_Description,18,1#1,1,17,1,101,0,1069444,1069444,1069444,1069444,0,0,393826,5000,12779,city_building_hospital_01_building,function_build_pic_cbt_sawmill
1119,11,city_building_sawmill_01,伐木场,3,LC_BUILD_Sawmill_Name,LC_BUILD_Sawmill_Description,19,1#1,1,17,1,101,0,1604166,1604166,1604166,1604166,0,0,708887,5000,21498,city_building_hospital_01_building,function_build_pic_cbt_sawmill
1120,11,city_building_sawmill_01,伐木场,3,LC_BUILD_Sawmill_Name,LC_BUILD_Sawmill_Description,20,1#1,1,17,1,101,0,2406250,2406250,2406250,2406250,0,0,1275997,10000,36442,city_building_hospital_01_building,function_build_pic_cbt_sawmill
1121,11,city_building_sawmill_01,伐木场,3,LC_BUILD_Sawmill_Name,LC_BUILD_Sawmill_Description,21,1#1,1,17,1,101,0,3609376,3609376,3609376,3609376,0,0,5103988,10000,117576,city_building_hospital_01_building,function_build_pic_cbt_sawmill
1122,11,city_building_sawmill_01,伐木场,3,LC_BUILD_Sawmill_Name,LC_BUILD_Sawmill_Description,22,1#1,1,17,1,101,0,3609376,3609376,3609376,3609376,0,0,5103988,10000,117576,city_building_hospital_01_building,function_build_pic_cbt_sawmill
1123,11,city_building_sawmill_01,伐木场,3,LC_BUILD_Sawmill_Name,LC_BUILD_Sawmill_Description,23,1#1,1,17,1,101,0,3609376,3609376,3609376,3609376,0,0,5103988,10000,117576,city_building_hospital_01_building,function_build_pic_cbt_sawmill
1124,11,city_building_sawmill_01,伐木场,3,LC_BUILD_Sawmill_Name,LC_BUILD_Sawmill_Description,24,1#1,1,17,1,101,0,3609376,3609376,3609376,3609376,0,0,5103988,10000,117576,city_building_hospital_01_building,function_build_pic_cbt_sawmill
1125,11,city_building_sawmill_01,伐木场,3,LC_BUILD_Sawmill_Name,LC_BUILD_Sawmill_Description,25,1#1,1,17,1,101,0,3609376,3609376,3609376,3609376,0,0,5103988,10000,117576,city_building_hospital_01_building,function_build_pic_cbt_sawmill
1201,12,city_building_mine_01,矿场,3,LC_BUILD_Mine_Name,LC_BUILD_Mine_Description,1,1#1,1,17,1,101,0,481,0,0,0,0,0,460,50,12,city_building_hospital_01_building,function_build_pic_cbt_mine
1202,12,city_building_mine_01,矿场,3,LC_BUILD_Mine_Name,LC_BUILD_Mine_Description,2,1#1,1,17,1,101,0,914,0,0,0,0,0,920,200,23,city_building_hospital_01_building,function_build_pic_cbt_mine
1203,12,city_building_mine_01,矿场,3,LC_BUILD_Mine_Name,LC_BUILD_Mine_Description,3,1#1,1,17,1,101,0,481,0,0,0,0,0,460,50,12,city_building_hospital_01_building,function_build_pic_cbt_mine
1204,12,city_building_mine_01,矿场,3,LC_BUILD_Mine_Name,LC_BUILD_Mine_Description,4,1#1,1,17,1,101,0,914,0,0,0,0,0,920,200,23,city_building_hospital_01_building,function_build_pic_cbt_mine
1205,12,city_building_mine_01,矿场,3,LC_BUILD_Mine_Name,LC_BUILD_Mine_Description,5,1#1,1,17,1,101,0,1738,1738,1738,0,0,0,1840,400,45,city_building_hospital_01_building,function_build_pic_cbt_mine
1206,12,city_building_mine_01,矿场,3,LC_BUILD_Mine_Name,LC_BUILD_Mine_Description,6,1#1,1,17,1,101,0,3477,3477,3477,0,0,0,3680,500,89,city_building_hospital_01_building,function_build_pic_cbt_mine
1207,12,city_building_mine_01,矿场,3,LC_BUILD_Mine_Name,LC_BUILD_Mine_Description,7,1#1,1,17,1,101,0,6954,6954,6954,0,0,0,7360,500,178,city_building_hospital_01_building,function_build_pic_cbt_mine
1208,12,city_building_mine_01,矿场,3,LC_BUILD_Mine_Name,LC_BUILD_Mine_Description,8,1#1,1,17,1,101,0,13909,13909,13909,0,0,0,14720,500,356,city_building_hospital_01_building,function_build_pic_cbt_mine
1209,12,city_building_mine_01,矿场,3,LC_BUILD_Mine_Name,LC_BUILD_Mine_Description,9,1#1,1,17,1,101,0,27818,27818,27818,0,0,0,29440,500,711,city_building_hospital_01_building,function_build_pic_cbt_mine
1210,12,city_building_mine_01,矿场,3,LC_BUILD_Mine_Name,LC_BUILD_Mine_Description,10,1#1,1,17,1,101,0,41728,41728,41728,41728,0,0,58880,500,1357,city_building_hospital_01_building,function_build_pic_cbt_mine
1211,12,city_building_mine_01,矿场,3,LC_BUILD_Mine_Name,LC_BUILD_Mine_Description,11,1#1,1,17,1,101,0,62592,62592,62592,62592,0,0,70656,500,1687,city_building_hospital_01_building,function_build_pic_cbt_mine
1212,12,city_building_mine_01,矿场,3,LC_BUILD_Mine_Name,LC_BUILD_Mine_Description,12,1#1,1,17,1,101,0,93888,93888,93888,93888,0,0,84787,500,2113,city_building_hospital_01_building,function_build_pic_cbt_mine
1213,12,city_building_mine_01,矿场,3,LC_BUILD_Mine_Name,LC_BUILD_Mine_Description,13,1#1,1,17,1,101,0,140832,140832,140832,140832,0,0,101744,500,2667,city_building_hospital_01_building,function_build_pic_cbt_mine
1214,12,city_building_mine_01,矿场,3,LC_BUILD_Mine_Name,LC_BUILD_Mine_Description,14,1#1,1,17,1,101,0,211248,211248,211248,211248,0,0,122093,1000,3398,city_building_hospital_01_building,function_build_pic_cbt_mine
1215,12,city_building_mine_01,矿场,3,LC_BUILD_Mine_Name,LC_BUILD_Mine_Description,15,1#1,1,17,1,101,0,316872,316872,316872,316872,0,0,146512,2000,4375,city_building_hospital_01_building,function_build_pic_cbt_mine
1216,12,city_building_mine_01,矿场,3,LC_BUILD_Mine_Name,LC_BUILD_Mine_Description,16,1#1,1,17,1,101,0,475308,475308,475308,475308,0,0,175815,2500,5695,city_building_hospital_01_building,function_build_pic_cbt_mine
1217,12,city_building_mine_01,矿场,3,LC_BUILD_Mine_Name,LC_BUILD_Mine_Description,17,1#1,1,17,1,101,0,712962,712962,712962,712962,0,0,246141,2500,8196,city_building_hospital_01_building,function_build_pic_cbt_mine
1218,12,city_building_mine_01,矿场,3,LC_BUILD_Mine_Name,LC_BUILD_Mine_Description,18,1#1,1,17,1,101,0,1069444,1069444,1069444,1069444,0,0,393826,5000,12779,city_building_hospital_01_building,function_build_pic_cbt_mine
1219,12,city_building_mine_01,矿场,3,LC_BUILD_Mine_Name,LC_BUILD_Mine_Description,19,1#1,1,17,1,101,0,1604166,1604166,1604166,1604166,0,0,708887,5000,21498,city_building_hospital_01_building,function_build_pic_cbt_mine
1220,12,city_building_mine_01,矿场,3,LC_BUILD_Mine_Name,LC_BUILD_Mine_Description,20,1#1,1,17,1,101,0,2406250,2406250,2406250,2406250,0,0,1275997,10000,36442,city_building_hospital_01_building,function_build_pic_cbt_mine
1221,12,city_building_mine_01,矿场,3,LC_BUILD_Mine_Name,LC_BUILD_Mine_Description,21,1#1,1,17,1,101,0,3609376,3609376,3609376,3609376,0,0,5103988,10000,117576,city_building_hospital_01_building,function_build_pic_cbt_mine
1222,12,city_building_mine_01,矿场,3,LC_BUILD_Mine_Name,LC_BUILD_Mine_Description,22,1#1,1,17,1,101,0,3609376,3609376,3609376,3609376,0,0,5103988,10000,117576,city_building_hospital_01_building,function_build_pic_cbt_mine
1223,12,city_building_mine_01,矿场,3,LC_BUILD_Mine_Name,LC_BUILD_Mine_Description,23,1#1,1,17,1,101,0,3609376,3609376,3609376,3609376,0,0,5103988,10000,117576,city_building_hospital_01_building,function_build_pic_cbt_mine
1224,12,city_building_mine_01,矿场,3,LC_BUILD_Mine_Name,LC_BUILD_Mine_Description,24,1#1,1,17,1,101,0,3609376,3609376,3609376,3609376,0,0,5103988,10000,117576,city_building_hospital_01_building,function_build_pic_cbt_mine
1225,12,city_building_mine_01,矿场,3,LC_BUILD_Mine_Name,LC_BUILD_Mine_Description,25,1#1,1,17,1,101,0,3609376,3609376,3609376,3609376,0,0,5103988,10000,117576,city_building_hospital_01_building,function_build_pic_cbt_mine
1301,13,city_building_manor_01,庄园,2,LC_BUILD_Manor_Name,LC_BUILD_Manor_Description,1,2#2,1,17,1,101,0,481,0,0,0,0,0,460,50,12,city_building_hospital_01_building,function_build_pic_cbt_manor
1302,13,city_building_manor_01,庄园,2,LC_BUILD_Manor_Name,LC_BUILD_Manor_Description,2,2#2,1,17,1,101,0,914,0,0,0,0,0,920,200,23,city_building_hospital_01_building,function_build_pic_cbt_manor
1303,13,city_building_manor_01,庄园,2,LC_BUILD_Manor_Name,LC_BUILD_Manor_Description,3,2#2,1,17,1,101,0,481,0,0,0,0,0,460,50,12,city_building_hospital_01_building,function_build_pic_cbt_manor
1304,13,city_building_manor_01,庄园,2,LC_BUILD_Manor_Name,LC_BUILD_Manor_Description,4,2#2,1,17,1,101,0,914,0,0,0,0,0,920,200,23,city_building_hospital_01_building,function_build_pic_cbt_manor
1305,13,city_building_manor_01,庄园,2,LC_BUILD_Manor_Name,LC_BUILD_Manor_Description,5,2#2,1,17,1,101,0,1738,1738,1738,0,0,0,1840,400,45,city_building_hospital_01_building,function_build_pic_cbt_manor
1306,13,city_building_manor_01,庄园,2,LC_BUILD_Manor_Name,LC_BUILD_Manor_Description,6,2#2,1,17,1,101,0,3477,3477,3477,0,0,0,3680,500,89,city_building_hospital_01_building,function_build_pic_cbt_manor
1307,13,city_building_manor_01,庄园,2,LC_BUILD_Manor_Name,LC_BUILD_Manor_Description,7,2#2,1,17,1,101,0,6954,6954,6954,0,0,0,7360,500,178,city_building_hospital_01_building,function_build_pic_cbt_manor
1308,13,city_building_manor_01,庄园,2,LC_BUILD_Manor_Name,LC_BUILD_Manor_Description,8,2#2,1,17,1,101,0,13909,13909,13909,0,0,0,14720,500,356,city_building_hospital_01_building,function_build_pic_cbt_manor
1309,13,city_building_manor_01,庄园,2,LC_BUILD_Manor_Name,LC_BUILD_Manor_Description,9,2#2,1,17,1,101,0,27818,27818,27818,0,0,0,29440,500,711,city_building_hospital_01_building,function_build_pic_cbt_manor
1310,13,city_building_manor_01,庄园,2,LC_BUILD_Manor_Name,LC_BUILD_Manor_Description,10,2#2,1,17,1,101,0,41728,41728,41728,41728,0,0,58880,500,1357,city_building_hospital_01_building,function_build_pic_cbt_manor
1311,13,city_building_manor_01,庄园,2,LC_BUILD_Manor_Name,LC_BUILD_Manor_Description,11,2#2,1,17,1,101,0,62592,62592,62592,62592,0,0,70656,500,1687,city_building_hospital_01_building,function_build_pic_cbt_manor
1312,13,city_building_manor_01,庄园,2,LC_BUILD_Manor_Name,LC_BUILD_Manor_Description,12,2#2,1,17,1,101,0,93888,93888,93888,93888,0,0,84787,500,2113,city_building_hospital_01_building,function_build_pic_cbt_manor
1313,13,city_building_manor_01,庄园,2,LC_BUILD_Manor_Name,LC_BUILD_Manor_Description,13,2#2,1,17,1,101,0,140832,140832,140832,140832,0,0,101744,500,2667,city_building_hospital_01_building,function_build_pic_cbt_manor
1314,13,city_building_manor_01,庄园,2,LC_BUILD_Manor_Name,LC_BUILD_Manor_Description,14,2#2,1,17,1,101,0,211248,211248,211248,211248,0,0,122093,1000,3398,city_building_hospital_01_building,function_build_pic_cbt_manor
1315,13,city_building_manor_01,庄园,2,LC_BUILD_Manor_Name,LC_BUILD_Manor_Description,15,2#2,1,17,1,101,0,316872,316872,316872,316872,0,0,146512,2000,4375,city_building_hospital_01_building,function_build_pic_cbt_manor
1316,13,city_building_manor_01,庄园,2,LC_BUILD_Manor_Name,LC_BUILD_Manor_Description,16,2#2,1,17,1,101,0,475308,475308,475308,475308,0,0,175815,2500,5695,city_building_hospital_01_building,function_build_pic_cbt_manor
1317,13,city_building_manor_01,庄园,2,LC_BUILD_Manor_Name,LC_BUILD_Manor_Description,17,2#2,1,17,1,101,0,712962,712962,712962,712962,0,0,246141,2500,8196,city_building_hospital_01_building,function_build_pic_cbt_manor
1318,13,city_building_manor_01,庄园,2,LC_BUILD_Manor_Name,LC_BUILD_Manor_Description,18,2#2,1,17,1,101,0,1069444,1069444,1069444,1069444,0,0,393826,5000,12779,city_building_hospital_01_building,function_build_pic_cbt_manor
1319,13,city_building_manor_01,庄园,2,LC_BUILD_Manor_Name,LC_BUILD_Manor_Description,19,2#2,1,17,1,101,0,1604166,1604166,1604166,1604166,0,0,708887,5000,21498,city_building_hospital_01_building,function_build_pic_cbt_manor
1320,13,city_building_manor_01,庄园,2,LC_BUILD_Manor_Name,LC_BUILD_Manor_Description,20,2#2,1,17,1,101,0,2406250,2406250,2406250,2406250,0,0,1275997,10000,36442,city_building_hospital_01_building,function_build_pic_cbt_manor
1321,13,city_building_manor_01,庄园,2,LC_BUILD_Manor_Name,LC_BUILD_Manor_Description,21,2#2,1,17,1,101,0,3609376,3609376,3609376,3609376,0,0,5103988,10000,117576,city_building_hospital_01_building,function_build_pic_cbt_manor
1322,13,city_building_manor_01,庄园,2,LC_BUILD_Manor_Name,LC_BUILD_Manor_Description,22,2#2,1,17,1,101,0,3609376,3609376,3609376,3609376,0,0,5103988,10000,117576,city_building_hospital_01_building,function_build_pic_cbt_manor
1323,13,city_building_manor_01,庄园,2,LC_BUILD_Manor_Name,LC_BUILD_Manor_Description,23,2#2,1,17,1,101,0,3609376,3609376,3609376,3609376,0,0,5103988,10000,117576,city_building_hospital_01_building,function_build_pic_cbt_manor
1324,13,city_building_manor_01,庄园,2,LC_BUILD_Manor_Name,LC_BUILD_Manor_Description,24,2#2,1,17,1,101,0,3609376,3609376,3609376,3609376,0,0,5103988,10000,117576,city_building_hospital_01_building,function_build_pic_cbt_manor
1325,13,city_building_manor_01,庄园,2,LC_BUILD_Manor_Name,LC_BUILD_Manor_Description,25,2#2,1,17,1,101,0,3609376,3609376,3609376,3609376,0,0,5103988,10000,117576,city_building_hospital_01_building,function_build_pic_cbt_manor
801,8,city_building_warcollege_01,研究院,1,LC_BUILD_Institute_Name,LC_BUILD_Institute_Description,1,3#3,0,1,0,0,0,133,0,0,0,0,0,0,10,3,city_building_hospital_01_building,function_build_pic_cbt_school
802,8,city_building_warcollege_01,研究院,1,LC_BUILD_Institute_Name,LC_BUILD_Institute_Description,2,3#3,0,1,0,0,0,253,0,0,0,0,0,230,25,6,city_building_hospital_01_building,function_build_pic_cbt_school
803,8,city_building_warcollege_01,研究院,1,LC_BUILD_Institute_Name,LC_BUILD_Institute_Description,3,3#3,0,1,0,0,0,481,0,0,0,0,0,460,50,12,city_building_hospital_01_building,function_build_pic_cbt_school
804,8,city_building_warcollege_01,研究院,1,LC_BUILD_Institute_Name,LC_BUILD_Institute_Description,4,3#3,0,1,0,0,0,914,0,0,0,0,0,920,200,23,city_building_hospital_01_building,function_build_pic_cbt_school
805,8,city_building_warcollege_01,研究院,1,LC_BUILD_Institute_Name,LC_BUILD_Institute_Description,5,3#3,0,1,0,0,0,1738,1738,1738,0,0,0,1840,400,45,city_building_hospital_01_building,function_build_pic_cbt_school
806,8,city_building_warcollege_01,研究院,1,LC_BUILD_Institute_Name,LC_BUILD_Institute_Description,6,3#3,0,1,0,0,0,3477,3477,3477,0,0,0,3680,500,89,city_building_hospital_01_building,function_build_pic_cbt_school
807,8,city_building_warcollege_01,研究院,1,LC_BUILD_Institute_Name,LC_BUILD_Institute_Description,7,3#3,0,1,0,0,0,6954,6954,6954,0,0,0,7360,500,178,city_building_hospital_01_building,function_build_pic_cbt_school
808,8,city_building_warcollege_01,研究院,1,LC_BUILD_Institute_Name,LC_BUILD_Institute_Description,8,3#3,0,1,0,0,0,13909,13909,13909,0,0,0,14720,500,356,city_building_hospital_01_building,function_build_pic_cbt_school
809,8,city_building_warcollege_01,研究院,1,LC_BUILD_Institute_Name,LC_BUILD_Institute_Description,9,3#3,0,1,0,0,0,27818,27818,27818,0,0,0,29440,500,711,city_building_hospital_01_building,function_build_pic_cbt_school
810,8,city_building_warcollege_01,研究院,1,LC_BUILD_Institute_Name,LC_BUILD_Institute_Description,10,3#3,0,1,0,0,0,41728,41728,41728,41728,0,0,58880,500,1357,city_building_hospital_01_building,function_build_pic_cbt_school
811,8,city_building_warcollege_01,研究院,1,LC_BUILD_Institute_Name,LC_BUILD_Institute_Description,11,3#3,0,1,0,0,0,62592,62592,62592,62592,0,0,70656,500,1687,city_building_hospital_01_building,function_build_pic_cbt_school
812,8,city_building_warcollege_01,研究院,1,LC_BUILD_Institute_Name,LC_BUILD_Institute_Description,12,3#3,0,1,0,0,0,93888,93888,93888,93888,0,0,84787,500,2113,city_building_hospital_01_building,function_build_pic_cbt_school
813,8,city_building_warcollege_01,研究院,1,LC_BUILD_Institute_Name,LC_BUILD_Institute_Description,13,3#3,0,1,0,0,0,140832,140832,140832,140832,0,0,101744,500,2667,city_building_hospital_01_building,function_build_pic_cbt_school
814,8,city_building_warcollege_01,研究院,1,LC_BUILD_Institute_Name,LC_BUILD_Institute_Description,14,3#3,0,1,0,0,0,211248,211248,211248,211248,0,0,122093,1000,3398,city_building_hospital_01_building,function_build_pic_cbt_school
815,8,city_building_warcollege_01,研究院,1,LC_BUILD_Institute_Name,LC_BUILD_Institute_Description,15,3#3,0,1,0,0,0,316872,316872,316872,316872,0,0,146512,2000,4375,city_building_hospital_01_building,function_build_pic_cbt_school
816,8,city_building_warcollege_01,研究院,1,LC_BUILD_Institute_Name,LC_BUILD_Institute_Description,16,3#3,0,1,0,0,0,475308,475308,475308,475308,0,0,175815,2500,5695,city_building_hospital_01_building,function_build_pic_cbt_school
817,8,city_building_warcollege_01,研究院,1,LC_BUILD_Institute_Name,LC_BUILD_Institute_Description,17,3#3,0,1,0,0,0,712962,712962,712962,712962,0,0,246141,2500,8196,city_building_hospital_01_building,function_build_pic_cbt_school
818,8,city_building_warcollege_01,研究院,1,LC_BUILD_Institute_Name,LC_BUILD_Institute_Description,18,3#3,0,1,0,0,0,1069444,1069444,1069444,1069444,0,0,393826,5000,12779,city_building_hospital_01_building,function_build_pic_cbt_school
819,8,city_building_warcollege_01,研究院,1,LC_BUILD_Institute_Name,LC_BUILD_Institute_Description,19,3#3,0,1,0,0,0,1604166,1604166,1604166,1604166,0,0,708887,5000,21498,city_building_hospital_01_building,function_build_pic_cbt_school
820,8,city_building_warcollege_01,研究院,1,LC_BUILD_Institute_Name,LC_BUILD_Institute_Description,20,3#3,0,1,0,0,0,2406250,2406250,2406250,2406250,0,0,1275997,10000,36442,city_building_hospital_01_building,function_build_pic_cbt_school
821,8,city_building_warcollege_01,研究院,1,LC_BUILD_Institute_Name,LC_BUILD_Institute_Description,21,3#3,0,1,0,0,0,3609376,3609376,3609376,3609376,0,0,5103988,10000,117576,city_building_hospital_01_building,function_build_pic_cbt_school
822,8,city_building_warcollege_01,研究院,1,LC_BUILD_Institute_Name,LC_BUILD_Institute_Description,22,3#3,0,1,0,0,0,3609376,3609376,3609376,3609376,0,0,5103988,10000,117576,city_building_hospital_01_building,function_build_pic_cbt_school
823,8,city_building_warcollege_01,研究院,1,LC_BUILD_Institute_Name,LC_BUILD_Institute_Description,23,3#3,0,1,0,0,0,3609376,3609376,3609376,3609376,0,0,5103988,10000,117576,city_building_hospital_01_building,function_build_pic_cbt_school
824,8,city_building_warcollege_01,研究院,1,LC_BUILD_Institute_Name,LC_BUILD_Institute_Description,24,3#3,0,1,0,0,0,3609376,3609376,3609376,3609376,0,0,5103988,10000,117576,city_building_hospital_01_building,function_build_pic_cbt_school
825,8,city_building_warcollege_01,研究院,1,LC_BUILD_Institute_Name,LC_BUILD_Institute_Description,25,3#3,0,1,0,0,0,3609376,3609376,3609376,3609376,0,0,5103988,10000,117576,city_building_hospital_01_building,function_build_pic_cbt_school
1401,14,city_building_smithy_01,工坊,1,LC_BUILD_Workshop_Name,LC_BUILD_Workshop_Description,1,3#3,0,1,0,0,0,133,0,0,0,0,0,0,10,3,city_building_hospital_01_building,function_build_pic_cbt_workshop
1402,14,city_building_smithy_01,工坊,1,LC_BUILD_Workshop_Name,LC_BUILD_Workshop_Description,2,3#3,0,1,0,0,0,253,0,0,0,0,0,230,25,6,city_building_hospital_01_building,function_build_pic_cbt_workshop
1403,14,city_building_smithy_01,工坊,1,LC_BUILD_Workshop_Name,LC_BUILD_Workshop_Description,3,3#3,0,1,0,0,0,481,0,0,0,0,0,460,50,12,city_building_hospital_01_building,function_build_pic_cbt_workshop
1404,14,city_building_smithy_01,工坊,1,LC_BUILD_Workshop_Name,LC_BUILD_Workshop_Description,4,3#3,0,1,0,0,0,914,0,0,0,0,0,920,200,23,city_building_hospital_01_building,function_build_pic_cbt_workshop
1405,14,city_building_smithy_01,工坊,1,LC_BUILD_Workshop_Name,LC_BUILD_Workshop_Description,5,3#3,0,1,0,0,0,1738,1738,1738,0,0,0,1840,400,45,city_building_hospital_01_building,function_build_pic_cbt_workshop
1406,14,city_building_smithy_01,工坊,1,LC_BUILD_Workshop_Name,LC_BUILD_Workshop_Description,6,3#3,0,1,0,0,0,3477,3477,3477,0,0,0,3680,500,89,city_building_hospital_01_building,function_build_pic_cbt_workshop
1407,14,city_building_smithy_01,工坊,1,LC_BUILD_Workshop_Name,LC_BUILD_Workshop_Description,7,3#3,0,1,0,0,0,6954,6954,6954,0,0,0,7360,500,178,city_building_hospital_01_building,function_build_pic_cbt_workshop
1408,14,city_building_smithy_01,工坊,1,LC_BUILD_Workshop_Name,LC_BUILD_Workshop_Description,8,3#3,0,1,0,0,0,13909,13909,13909,0,0,0,14720,500,356,city_building_hospital_01_building,function_build_pic_cbt_workshop
1409,14,city_building_smithy_01,工坊,1,LC_BUILD_Workshop_Name,LC_BUILD_Workshop_Description,9,3#3,0,1,0,0,0,27818,27818,27818,0,0,0,29440,500,711,city_building_hospital_01_building,function_build_pic_cbt_workshop
1410,14,city_building_smithy_01,工坊,1,LC_BUILD_Workshop_Name,LC_BUILD_Workshop_Description,10,3#3,0,1,0,0,0,41728,41728,41728,41728,0,0,58880,500,1357,city_building_hospital_01_building,function_build_pic_cbt_workshop
1411,14,city_building_smithy_01,工坊,1,LC_BUILD_Workshop_Name,LC_BUILD_Workshop_Description,11,3#3,0,1,0,0,0,62592,62592,62592,62592,0,0,70656,500,1687,city_building_hospital_01_building,function_build_pic_cbt_workshop
1412,14,city_building_smithy_01,工坊,1,LC_BUILD_Workshop_Name,LC_BUILD_Workshop_Description,12,3#3,0,1,0,0,0,93888,93888,93888,93888,0,0,84787,500,2113,city_building_hospital_01_building,function_build_pic_cbt_workshop
1413,14,city_building_smithy_01,工坊,1,LC_BUILD_Workshop_Name,LC_BUILD_Workshop_Description,13,3#3,0,1,0,0,0,140832,140832,140832,140832,0,0,101744,500,2667,city_building_hospital_01_building,function_build_pic_cbt_workshop
1414,14,city_building_smithy_01,工坊,1,LC_BUILD_Workshop_Name,LC_BUILD_Workshop_Description,14,3#3,0,1,0,0,0,211248,211248,211248,211248,0,0,122093,1000,3398,city_building_hospital_01_building,function_build_pic_cbt_workshop
1415,14,city_building_smithy_01,工坊,1,LC_BUILD_Workshop_Name,LC_BUILD_Workshop_Description,15,3#3,0,1,0,0,0,316872,316872,316872,316872,0,0,146512,2000,4375,city_building_hospital_01_building,function_build_pic_cbt_workshop
1416,14,city_building_smithy_01,工坊,1,LC_BUILD_Workshop_Name,LC_BUILD_Workshop_Description,16,3#3,0,1,0,0,0,475308,475308,475308,475308,0,0,175815,2500,5695,city_building_hospital_01_building,function_build_pic_cbt_workshop
1417,14,city_building_smithy_01,工坊,1,LC_BUILD_Workshop_Name,LC_BUILD_Workshop_Description,17,3#3,0,1,0,0,0,712962,712962,712962,712962,0,0,246141,2500,8196,city_building_hospital_01_building,function_build_pic_cbt_workshop
1418,14,city_building_smithy_01,工坊,1,LC_BUILD_Workshop_Name,LC_BUILD_Workshop_Description,18,3#3,0,1,0,0,0,1069444,1069444,1069444,1069444,0,0,393826,5000,12779,city_building_hospital_01_building,function_build_pic_cbt_workshop
1419,14,city_building_smithy_01,工坊,1,LC_BUILD_Workshop_Name,LC_BUILD_Workshop_Description,19,3#3,0,1,0,0,0,1604166,1604166,1604166,1604166,0,0,708887,5000,21498,city_building_hospital_01_building,function_build_pic_cbt_workshop
1420,14,city_building_smithy_01,工坊,1,LC_BUILD_Workshop_Name,LC_BUILD_Workshop_Description,20,3#3,0,1,0,0,0,2406250,2406250,2406250,2406250,0,0,1275997,10000,36442,city_building_hospital_01_building,function_build_pic_cbt_workshop
1421,14,city_building_smithy_01,工坊,1,LC_BUILD_Workshop_Name,LC_BUILD_Workshop_Description,21,3#3,0,1,0,0,0,3609376,3609376,3609376,3609376,0,0,5103988,10000,117576,city_building_hospital_01_building,function_build_pic_cbt_workshop
1422,14,city_building_smithy_01,工坊,1,LC_BUILD_Workshop_Name,LC_BUILD_Workshop_Description,22,3#3,0,1,0,0,0,3609376,3609376,3609376,3609376,0,0,5103988,10000,117576,city_building_hospital_01_building,function_build_pic_cbt_workshop
1423,14,city_building_smithy_01,工坊,1,LC_BUILD_Workshop_Name,LC_BUILD_Workshop_Description,23,3#3,0,1,0,0,0,3609376,3609376,3609376,3609376,0,0,5103988,10000,117576,city_building_hospital_01_building,function_build_pic_cbt_workshop
1424,14,city_building_smithy_01,工坊,1,LC_BUILD_Workshop_Name,LC_BUILD_Workshop_Description,24,3#3,0,1,0,0,0,3609376,3609376,3609376,3609376,0,0,5103988,10000,117576,city_building_hospital_01_building,function_build_pic_cbt_workshop
1425,14,city_building_smithy_01,工坊,1,LC_BUILD_Workshop_Name,LC_BUILD_Workshop_Description,25,3#3,0,1,0,0,0,3609376,3609376,3609376,3609376,0,0,5103988,10000,117576,city_building_hospital_01_building,function_build_pic_cbt_workshop
1501,15,city_building_smithy_01,使馆,1,LC_BUILD_Embassy_Name,LC_BUILD_Embassy_Description,1,3#3,0,1,0,0,0,133,0,0,0,0,0,0,10,3,city_building_hospital_01_building,function_build_pic_cbt_workshop
1502,15,city_building_smithy_01,使馆,1,LC_BUILD_Embassy_Name,LC_BUILD_Embassy_Description,2,3#3,0,1,0,0,0,253,0,0,0,0,0,230,25,6,city_building_hospital_01_building,function_build_pic_cbt_workshop
1503,15,city_building_smithy_01,使馆,1,LC_BUILD_Embassy_Name,LC_BUILD_Embassy_Description,3,3#3,0,1,0,0,0,481,0,0,0,0,0,460,50,12,city_building_hospital_01_building,function_build_pic_cbt_workshop
1504,15,city_building_smithy_01,使馆,1,LC_BUILD_Embassy_Name,LC_BUILD_Embassy_Description,4,3#3,0,1,0,0,0,914,0,0,0,0,0,920,200,23,city_building_hospital_01_building,function_build_pic_cbt_workshop
1505,15,city_building_smithy_01,使馆,1,LC_BUILD_Embassy_Name,LC_BUILD_Embassy_Description,5,3#3,0,1,0,0,0,1738,1738,1738,0,0,0,1840,400,45,city_building_hospital_01_building,function_build_pic_cbt_workshop
1506,15,city_building_smithy_01,使馆,1,LC_BUILD_Embassy_Name,LC_BUILD_Embassy_Description,6,3#3,0,1,0,0,0,3477,3477,3477,0,0,0,3680,500,89,city_building_hospital_01_building,function_build_pic_cbt_workshop
1507,15,city_building_smithy_01,使馆,1,LC_BUILD_Embassy_Name,LC_BUILD_Embassy_Description,7,3#3,0,1,0,0,0,6954,6954,6954,0,0,0,7360,500,178,city_building_hospital_01_building,function_build_pic_cbt_workshop
1508,15,city_building_smithy_01,使馆,1,LC_BUILD_Embassy_Name,LC_BUILD_Embassy_Description,8,3#3,0,1,0,0,0,13909,13909,13909,0,0,0,14720,500,356,city_building_hospital_01_building,function_build_pic_cbt_workshop
1509,15,city_building_smithy_01,使馆,1,LC_BUILD_Embassy_Name,LC_BUILD_Embassy_Description,9,3#3,0,1,0,0,0,27818,27818,27818,0,0,0,29440,500,711,city_building_hospital_01_building,function_build_pic_cbt_workshop
1510,15,city_building_smithy_01,使馆,1,LC_BUILD_Embassy_Name,LC_BUILD_Embassy_Description,10,3#3,0,1,0,0,0,41728,41728,41728,41728,0,0,58880,500,1357,city_building_hospital_01_building,function_build_pic_cbt_workshop
1511,15,city_building_smithy_01,使馆,1,LC_BUILD_Embassy_Name,LC_BUILD_Embassy_Description,11,3#3,0,1,0,0,0,62592,62592,62592,62592,0,0,70656,500,1687,city_building_hospital_01_building,function_build_pic_cbt_workshop
1512,15,city_building_smithy_01,使馆,1,LC_BUILD_Embassy_Name,LC_BUILD_Embassy_Description,12,3#3,0,1,0,0,0,93888,93888,93888,93888,0,0,84787,500,2113,city_building_hospital_01_building,function_build_pic_cbt_workshop
1513,15,city_building_smithy_01,使馆,1,LC_BUILD_Embassy_Name,LC_BUILD_Embassy_Description,13,3#3,0,1,0,0,0,140832,140832,140832,140832,0,0,101744,500,2667,city_building_hospital_01_building,function_build_pic_cbt_workshop
1514,15,city_building_smithy_01,使馆,1,LC_BUILD_Embassy_Name,LC_BUILD_Embassy_Description,14,3#3,0,1,0,0,0,211248,211248,211248,211248,0,0,122093,1000,3398,city_building_hospital_01_building,function_build_pic_cbt_workshop
1515,15,city_building_smithy_01,使馆,1,LC_BUILD_Embassy_Name,LC_BUILD_Embassy_Description,15,3#3,0,1,0,0,0,316872,316872,316872,316872,0,0,146512,2000,4375,city_building_hospital_01_building,function_build_pic_cbt_workshop
1516,15,city_building_smithy_01,使馆,1,LC_BUILD_Embassy_Name,LC_BUILD_Embassy_Description,16,3#3,0,1,0,0,0,475308,475308,475308,475308,0,0,175815,2500,5695,city_building_hospital_01_building,function_build_pic_cbt_workshop
1517,15,city_building_smithy_01,使馆,1,LC_BUILD_Embassy_Name,LC_BUILD_Embassy_Description,17,3#3,0,1,0,0,0,712962,712962,712962,712962,0,0,246141,2500,8196,city_building_hospital_01_building,function_build_pic_cbt_workshop
1518,15,city_building_smithy_01,使馆,1,LC_BUILD_Embassy_Name,LC_BUILD_Embassy_Description,18,3#3,0,1,0,0,0,1069444,1069444,1069444,1069444,0,0,393826,5000,12779,city_building_hospital_01_building,function_build_pic_cbt_workshop
1519,15,city_building_smithy_01,使馆,1,LC_BUILD_Embassy_Name,LC_BUILD_Embassy_Description,19,3#3,0,1,0,0,0,1604166,1604166,1604166,1604166,0,0,708887,5000,21498,city_building_hospital_01_building,function_build_pic_cbt_workshop
1520,15,city_building_smithy_01,使馆,1,LC_BUILD_Embassy_Name,LC_BUILD_Embassy_Description,20,3#3,0,1,0,0,0,2406250,2406250,2406250,2406250,0,0,1275997,10000,36442,city_building_hospital_01_building,function_build_pic_cbt_workshop
1521,15,city_building_smithy_01,使馆,1,LC_BUILD_Embassy_Name,LC_BUILD_Embassy_Description,21,3#3,0,1,0,0,0,3609376,3609376,3609376,3609376,0,0,5103988,10000,117576,city_building_hospital_01_building,function_build_pic_cbt_workshop
1522,15,city_building_smithy_01,使馆,1,LC_BUILD_Embassy_Name,LC_BUILD_Embassy_Description,22,3#3,0,1,0,0,0,3609376,3609376,3609376,3609376,0,0,5103988,10000,117576,city_building_hospital_01_building,function_build_pic_cbt_workshop
1523,15,city_building_smithy_01,使馆,1,LC_BUILD_Embassy_Name,LC_BUILD_Embassy_Description,23,3#3,0,1,0,0,0,3609376,3609376,3609376,3609376,0,0,5103988,10000,117576,city_building_hospital_01_building,function_build_pic_cbt_workshop
1524,15,city_building_smithy_01,使馆,1,LC_BUILD_Embassy_Name,LC_BUILD_Embassy_Description,24,3#3,0,1,0,0,0,3609376,3609376,3609376,3609376,0,0,5103988,10000,117576,city_building_hospital_01_building,function_build_pic_cbt_workshop
1525,15,city_building_smithy_01,使馆,1,LC_BUILD_Embassy_Name,LC_BUILD_Embassy_Description,25,3#3,0,1,0,0,0,3609376,3609376,3609376,3609376,0,0,5103988,10000,117576,city_building_hospital_01_building,function_build_pic_cbt_workshop
1601,16,city_building_smithy_01,集会所,1,LC_BUILD_Assembly_Name,LC_BUILD_Assembly_Description,1,3#3,0,1,0,0,0,133,0,0,0,0,0,0,10,3,city_building_hospital_01_building,function_build_pic_cbt_workshop
1602,16,city_building_smithy_01,集会所,1,LC_BUILD_Assembly_Name,LC_BUILD_Assembly_Description,2,3#3,0,1,0,0,0,253,0,0,0,0,0,230,25,6,city_building_hospital_01_building,function_build_pic_cbt_workshop
1603,16,city_building_smithy_01,集会所,1,LC_BUILD_Assembly_Name,LC_BUILD_Assembly_Description,3,3#3,0,1,0,0,0,481,0,0,0,0,0,460,50,12,city_building_hospital_01_building,function_build_pic_cbt_workshop
1604,16,city_building_smithy_01,集会所,1,LC_BUILD_Assembly_Name,LC_BUILD_Assembly_Description,4,3#3,0,1,0,0,0,914,0,0,0,0,0,920,200,23,city_building_hospital_01_building,function_build_pic_cbt_workshop
1605,16,city_building_smithy_01,集会所,1,LC_BUILD_Assembly_Name,LC_BUILD_Assembly_Description,5,3#3,0,1,0,0,0,1738,1738,1738,0,0,0,1840,400,45,city_building_hospital_01_building,function_build_pic_cbt_workshop
1606,16,city_building_smithy_01,集会所,1,LC_BUILD_Assembly_Name,LC_BUILD_Assembly_Description,6,3#3,0,1,0,0,0,3477,3477,3477,0,0,0,3680,500,89,city_building_hospital_01_building,function_build_pic_cbt_workshop
1607,16,city_building_smithy_01,集会所,1,LC_BUILD_Assembly_Name,LC_BUILD_Assembly_Description,7,3#3,0,1,0,0,0,6954,6954,6954,0,0,0,7360,500,178,city_building_hospital_01_building,function_build_pic_cbt_workshop
1608,16,city_building_smithy_01,集会所,1,LC_BUILD_Assembly_Name,LC_BUILD_Assembly_Description,8,3#3,0,1,0,0,0,13909,13909,13909,0,0,0,14720,500,356,city_building_hospital_01_building,function_build_pic_cbt_workshop
1609,16,city_building_smithy_01,集会所,1,LC_BUILD_Assembly_Name,LC_BUILD_Assembly_Description,9,3#3,0,1,0,0,0,27818,27818,27818,0,0,0,29440,500,711,city_building_hospital_01_building,function_build_pic_cbt_workshop
1610,16,city_building_smithy_01,集会所,1,LC_BUILD_Assembly_Name,LC_BUILD_Assembly_Description,10,3#3,0,1,0,0,0,41728,41728,41728,41728,0,0,58880,500,1357,city_building_hospital_01_building,function_build_pic_cbt_workshop
1611,16,city_building_smithy_01,集会所,1,LC_BUILD_Assembly_Name,LC_BUILD_Assembly_Description,11,3#3,0,1,0,0,0,62592,62592,62592,62592,0,0,70656,500,1687,city_building_hospital_01_building,function_build_pic_cbt_workshop
1612,16,city_building_smithy_01,集会所,1,LC_BUILD_Assembly_Name,LC_BUILD_Assembly_Description,12,3#3,0,1,0,0,0,93888,93888,93888,93888,0,0,84787,500,2113,city_building_hospital_01_building,function_build_pic_cbt_workshop
1613,16,city_building_smithy_01,集会所,1,LC_BUILD_Assembly_Name,LC_BUILD_Assembly_Description,13,3#3,0,1,0,0,0,140832,140832,140832,140832,0,0,101744,500,2667,city_building_hospital_01_building,function_build_pic_cbt_workshop
1614,16,city_building_smithy_01,集会所,1,LC_BUILD_Assembly_Name,LC_BUILD_Assembly_Description,14,3#3,0,1,0,0,0,211248,211248,211248,211248,0,0,122093,1000,3398,city_building_hospital_01_building,function_build_pic_cbt_workshop
1615,16,city_building_smithy_01,集会所,1,LC_BUILD_Assembly_Name,LC_BUILD_Assembly_Description,15,3#3,0,1,0,0,0,316872,316872,316872,316872,0,0,146512,2000,4375,city_building_hospital_01_building,function_build_pic_cbt_workshop
1616,16,city_building_smithy_01,集会所,1,LC_BUILD_Assembly_Name,LC_BUILD_Assembly_Description,16,3#3,0,1,0,0,0,475308,475308,475308,475308,0,0,175815,2500,5695,city_building_hospital_01_building,function_build_pic_cbt_workshop
1617,16,city_building_smithy_01,集会所,1,LC_BUILD_Assembly_Name,LC_BUILD_Assembly_Description,17,3#3,0,1,0,0,0,712962,712962,712962,712962,0,0,246141,2500,8196,city_building_hospital_01_building,function_build_pic_cbt_workshop
1618,16,city_building_smithy_01,集会所,1,LC_BUILD_Assembly_Name,LC_BUILD_Assembly_Description,18,3#3,0,1,0,0,0,1069444,1069444,1069444,1069444,0,0,393826,5000,12779,city_building_hospital_01_building,function_build_pic_cbt_workshop
1619,16,city_building_smithy_01,集会所,1,LC_BUILD_Assembly_Name,LC_BUILD_Assembly_Description,19,3#3,0,1,0,0,0,1604166,1604166,1604166,1604166,0,0,708887,5000,21498,city_building_hospital_01_building,function_build_pic_cbt_workshop
1620,16,city_building_smithy_01,集会所,1,LC_BUILD_Assembly_Name,LC_BUILD_Assembly_Description,20,3#3,0,1,0,0,0,2406250,2406250,2406250,2406250,0,0,1275997,10000,36442,city_building_hospital_01_building,function_build_pic_cbt_workshop
1621,16,city_building_smithy_01,集会所,1,LC_BUILD_Assembly_Name,LC_BUILD_Assembly_Description,21,3#3,0,1,0,0,0,3609376,3609376,3609376,3609376,0,0,5103988,10000,117576,city_building_hospital_01_building,function_build_pic_cbt_workshop
1622,16,city_building_smithy_01,集会所,1,LC_BUILD_Assembly_Name,LC_BUILD_Assembly_Description,22,3#3,0,1,0,0,0,3609376,3609376,3609376,3609376,0,0,5103988,10000,117576,city_building_hospital_01_building,function_build_pic_cbt_workshop
1623,16,city_building_smithy_01,集会所,1,LC_BUILD_Assembly_Name,LC_BUILD_Assembly_Description,23,3#3,0,1,0,0,0,3609376,3609376,3609376,3609376,0,0,5103988,10000,117576,city_building_hospital_01_building,function_build_pic_cbt_workshop
1624,16,city_building_smithy_01,集会所,1,LC_BUILD_Assembly_Name,LC_BUILD_Assembly_Description,24,3#3,0,1,0,0,0,3609376,3609376,3609376,3609376,0,0,5103988,10000,117576,city_building_hospital_01_building,function_build_pic_cbt_workshop
1625,16,city_building_smithy_01,集会所,1,LC_BUILD_Assembly_Name,LC_BUILD_Assembly_Description,25,3#3,0,1,0,0,0,3609376,3609376,3609376,3609376,0,0,5103988,10000,117576,city_building_hospital_01_building,function_build_pic_cbt_workshop
1701,17,city_building_smithy_01,市集,1,LC_BUILD_Market_Name,LC_BUILD_Market_Description,1,3#3,0,1,0,0,0,133,0,0,0,0,0,0,10,3,city_building_hospital_01_building,function_build_pic_cbt_workshop
1702,17,city_building_smithy_01,市集,1,LC_BUILD_Market_Name,LC_BUILD_Market_Description,2,3#3,0,1,0,0,0,253,0,0,0,0,0,230,25,6,city_building_hospital_01_building,function_build_pic_cbt_workshop
1703,17,city_building_smithy_01,市集,1,LC_BUILD_Market_Name,LC_BUILD_Market_Description,3,3#3,0,1,0,0,0,481,0,0,0,0,0,460,50,12,city_building_hospital_01_building,function_build_pic_cbt_workshop
1704,17,city_building_smithy_01,市集,1,LC_BUILD_Market_Name,LC_BUILD_Market_Description,4,3#3,0,1,0,0,0,914,0,0,0,0,0,920,200,23,city_building_hospital_01_building,function_build_pic_cbt_workshop
1705,17,city_building_smithy_01,市集,1,LC_BUILD_Market_Name,LC_BUILD_Market_Description,5,3#3,0,1,0,0,0,1738,1738,1738,0,0,0,1840,400,45,city_building_hospital_01_building,function_build_pic_cbt_workshop
1706,17,city_building_smithy_01,市集,1,LC_BUILD_Market_Name,LC_BUILD_Market_Description,6,3#3,0,1,0,0,0,3477,3477,3477,0,0,0,3680,500,89,city_building_hospital_01_building,function_build_pic_cbt_workshop
1707,17,city_building_smithy_01,市集,1,LC_BUILD_Market_Name,LC_BUILD_Market_Description,7,3#3,0,1,0,0,0,6954,6954,6954,0,0,0,7360,500,178,city_building_hospital_01_building,function_build_pic_cbt_workshop
1708,17,city_building_smithy_01,市集,1,LC_BUILD_Market_Name,LC_BUILD_Market_Description,8,3#3,0,1,0,0,0,13909,13909,13909,0,0,0,14720,500,356,city_building_hospital_01_building,function_build_pic_cbt_workshop
1709,17,city_building_smithy_01,市集,1,LC_BUILD_Market_Name,LC_BUILD_Market_Description,9,3#3,0,1,0,0,0,27818,27818,27818,0,0,0,29440,500,711,city_building_hospital_01_building,function_build_pic_cbt_workshop
1710,17,city_building_smithy_01,市集,1,LC_BUILD_Market_Name,LC_BUILD_Market_Description,10,3#3,0,1,0,0,0,41728,41728,41728,41728,0,0,58880,500,1357,city_building_hospital_01_building,function_build_pic_cbt_workshop
1711,17,city_building_smithy_01,市集,1,LC_BUILD_Market_Name,LC_BUILD_Market_Description,11,3#3,0,1,0,0,0,62592,62592,62592,62592,0,0,70656,500,1687,city_building_hospital_01_building,function_build_pic_cbt_workshop
1712,17,city_building_smithy_01,市集,1,LC_BUILD_Market_Name,LC_BUILD_Market_Description,12,3#3,0,1,0,0,0,93888,93888,93888,93888,0,0,84787,500,2113,city_building_hospital_01_building,function_build_pic_cbt_workshop
1713,17,city_building_smithy_01,市集,1,LC_BUILD_Market_Name,LC_BUILD_Market_Description,13,3#3,0,1,0,0,0,140832,140832,140832,140832,0,0,101744,500,2667,city_building_hospital_01_building,function_build_pic_cbt_workshop
1714,17,city_building_smithy_01,市集,1,LC_BUILD_Market_Name,LC_BUILD_Market_Description,14,3#3,0,1,0,0,0,211248,211248,211248,211248,0,0,122093,1000,3398,city_building_hospital_01_building,function_build_pic_cbt_workshop
1715,17,city_building_smithy_01,市集,1,LC_BUILD_Market_Name,LC_BUILD_Market_Description,15,3#3,0,1,0,0,0,316872,316872,316872,316872,0,0,146512,2000,4375,city_building_hospital_01_building,function_build_pic_cbt_workshop
1716,17,city_building_smithy_01,市集,1,LC_BUILD_Market_Name,LC_BUILD_Market_Description,16,3#3,0,1,0,0,0,475308,475308,475308,475308,0,0,175815,2500,5695,city_building_hospital_01_building,function_build_pic_cbt_workshop
1717,17,city_building_smithy_01,市集,1,LC_BUILD_Market_Name,LC_BUILD_Market_Description,17,3#3,0,1,0,0,0,712962,712962,712962,712962,0,0,246141,2500,8196,city_building_hospital_01_building,function_build_pic_cbt_workshop
1718,17,city_building_smithy_01,市集,1,LC_BUILD_Market_Name,LC_BUILD_Market_Description,18,3#3,0,1,0,0,0,1069444,1069444,1069444,1069444,0,0,393826,5000,12779,city_building_hospital_01_building,function_build_pic_cbt_workshop
1719,17,city_building_smithy_01,市集,1,LC_BUILD_Market_Name,LC_BUILD_Market_Description,19,3#3,0,1,0,0,0,1604166,1604166,1604166,1604166,0,0,708887,5000,21498,city_building_hospital_01_building,function_build_pic_cbt_workshop
1720,17,city_building_smithy_01,市集,1,LC_BUILD_Market_Name,LC_BUILD_Market_Description,20,3#3,0,1,0,0,0,2406250,2406250,2406250,2406250,0,0,1275997,10000,36442,city_building_hospital_01_building,function_build_pic_cbt_workshop
1721,17,city_building_smithy_01,市集,1,LC_BUILD_Market_Name,LC_BUILD_Market_Description,21,3#3,0,1,0,0,0,3609376,3609376,3609376,3609376,0,0,5103988,10000,117576,city_building_hospital_01_building,function_build_pic_cbt_workshop
1722,17,city_building_smithy_01,市集,1,LC_BUILD_Market_Name,LC_BUILD_Market_Description,22,3#3,0,1,0,0,0,3609376,3609376,3609376,3609376,0,0,5103988,10000,117576,city_building_hospital_01_building,function_build_pic_cbt_workshop
1723,17,city_building_smithy_01,市集,1,LC_BUILD_Market_Name,LC_BUILD_Market_Description,23,3#3,0,1,0,0,0,3609376,3609376,3609376,3609376,0,0,5103988,10000,117576,city_building_hospital_01_building,function_build_pic_cbt_workshop
1724,17,city_building_smithy_01,市集,1,LC_BUILD_Market_Name,LC_BUILD_Market_Description,24,3#3,0,1,0,0,0,3609376,3609376,3609376,3609376,0,0,5103988,10000,117576,city_building_hospital_01_building,function_build_pic_cbt_workshop
1725,17,city_building_smithy_01,市集,1,LC_BUILD_Market_Name,LC_BUILD_Market_Description,25,3#3,0,1,0,0,0,3609376,3609376,3609376,3609376,0,0,5103988,10000,117576,city_building_hospital_01_building,function_build_pic_cbt_workshop
