##道具ID,说明，策划看用,背包类型1特殊2资源3加速4战争5宝箱6装备7宝石8装备材料,放在第几页,背包中排序优先级，数字越小优先级越高,能否直接使用，0表示无法使用，1表示单个使用，2表示可以多个使用,等级限制（主城等级）,使用类型，服务器根据道具功能确定该ID,使用后的数值,扩展参数,扩展参数2,持续时间,道具图片显示数字,道具名称,背包详细描述,产出描述,道具图标,道具品质1-白，2-绿，3-蓝，4-紫，5-橙,上层图标,获取途径（1钻石商店2付费商店3关卡，类型#ID1#ID2#更多）,道具等级。有需要时填写,材料合成,宝箱预览,是否自动使用
ID,DESC,GoodsBagType,SubType,ItemSubID,Use,Level,OpType,OpValue,ExtParam,ExtParam1,LastTime,STR_Pic,STR_LC_T,STR_LC_D,STR_LC_E,STR_PIC,Grade,Icon_Small,StageID,ItemLevel,Material_Synthesis,Box_Preview,Auto_use
int,string,int,int,int,int,int,int,int,int,int,int,string,string,string,string,string,int,string,string,int,string,string,int
100,装备扩充道具,1,1,100,1,1,3,5,0,0,0,0,LC_STORE_Extended_Props_Name,LC_STORE_Extended_Props_Name_D,LC_STORE_Extended_Props_Name_D,icon_prop_temp,3,0,0,0,0,0,0
101,快速拆除道具,1,1,101,0,1,5,0,0,0,0,0,LC_STORE_ITM_RemoveBuilding,LC_STORE_ITM_RemoveBuilding_D,LC_STORE_ITM_RemoveBuilding_D,icon_prop_temp,1,0,0,0,0,0,0
102,定点传送,1,1,90,0,1,6,0,0,0,0,0,LC_STORE_ITM_RandomTeleport,LC_STORE_ITM_RandomTeleport_D,LC_STORE_ITM_RandomTeleport_D,icon_prop_temp,3,0,0,0,0,0,0
103,随机传送,1,1,91,1,1,7,0,0,0,0,0,LC_STORE_ITM_AdvancedTeleport,LC_STORE_ITM_AdvancedTeleport_D,LC_STORE_ITM_AdvancedTeleport_D,icon_prop_temp,3,0,0,0,0,0,0
104,天赋重置书,1,1,95,1,1,8,0,0,0,0,0,LC_STORE_ITM_TalentReset,LC_STORE_ITM_TalentReset_D,LC_STORE_ITM_TalentReset_D,icon_prop_temp,3,0,0,0,0,0,0
105,天赋记忆书,1,1,96,0,1,9,0,0,0,0,0,LC_STORE_ITM_TalentMemory,LC_STORE_ITM_TalentMemory_D,LC_STORE_ITM_TalentMemory_D,icon_prop_temp,3,0,0,0,0,0,0
106,行军召回,1,1,88,0,1,10,0,0,0,0,0,LC_STORE_ITM_CallBack,LC_STORE_ITM_CallBack_D,LC_STORE_ITM_CallBack_D,icon_prop_temp,3,0,0,0,0,0,0
107,行军加速25%,3,3,499,0,1,2,25,9,0,0,↑25%,LC_STORE_ITM_MarchSpeedUp1,LC_STORE_ITM_MarchSpeedUp1_D,LC_STORE_ITM_MarchSpeedUp1_D,icon_prop_temp,3,0,0,0,0,0,0
108,行军加速50%,3,3,500,0,1,2,50,9,0,0,↑50%,LC_STORE_ITM_MarchSpeedUp2,LC_STORE_ITM_MarchSpeedUp2_D,LC_STORE_ITM_MarchSpeedUp2_D,icon_prop_temp,3,0,0,0,0,0,0
110,联盟名称更名,1,1,510,0,1,11,0,0,0,0,0,LC_STORE_ITM_ChangeAllianceName,LC_STORE_ITM_ChangeAllianceName_D,LC_STORE_ITM_ChangeAllianceName_D,icon_prop_temp,3,0,0,0,0,0,0
111,联盟代号更改,1,1,512,0,1,12,0,0,0,0,0,LC_STORE_ITM_ChangeAllianceCode,LC_STORE_ITM_ChangeAllianceCode_D,LC_STORE_ITM_ChangeAllianceCode_D,icon_prop_temp,3,0,0,0,0,0,0
112,集结行军加速50%,3,3,501,0,1,2,50,10,0,0,↑50%,LC_STORE_ITM_MarchSpeedUp2,LC_STORE_ITM_MarchSpeedUp2_D,LC_STORE_ITM_MarchSpeedUp2_D,icon_prop_temp,3,0,0,0,0,0,0
201,"30,000粮食",2,2,1001,2,1,1,30000,1,0,0,30K,LC_STORE_ITM_RSS_Food_1,LC_STORE_ITM_RSS_Food_1,LC_STORE_ITM_RSS_Food_1,icon_prop_temp,1,0,0,0,0,0,0
202,"150,000粮食",2,2,1002,2,1,1,150000,1,0,0,150K,LC_STORE_ITM_RSS_Food_2,LC_STORE_ITM_RSS_Food_2,LC_STORE_ITM_RSS_Food_2,icon_prop_temp,2,0,0,0,0,0,0
203,"500,000粮食",2,2,1003,2,1,1,500000,1,0,0,500K,LC_STORE_ITM_RSS_Food_3,LC_STORE_ITM_RSS_Food_3,LC_STORE_ITM_RSS_Food_3,icon_prop_temp,3,0,0,0,0,0,0
204,"2,000,000粮食",2,2,1004,2,1,1,2000000,1,0,0,2M,LC_STORE_ITM_RSS_Food_4,LC_STORE_ITM_RSS_Food_4,LC_STORE_ITM_RSS_Food_4,icon_prop_temp,4,0,0,0,0,0,0
205,"6,000,000粮食",2,2,1005,2,1,1,6000000,1,0,0,6M,LC_STORE_ITM_RSS_Food_5,LC_STORE_ITM_RSS_Food_5,LC_STORE_ITM_RSS_Food_5,icon_prop_temp,5,0,0,0,0,0,0
206,"20,000,000粮食",2,2,1006,2,1,1,20000000,1,0,0,20M,LC_STORE_ITM_RSS_Food_6,LC_STORE_ITM_RSS_Food_6,LC_STORE_ITM_RSS_Food_6,icon_prop_temp,5,0,0,0,0,0,0
207,"60,000,000粮食",2,2,1007,2,1,1,60000000,1,0,0,60M,LC_STORE_ITM_RSS_Food_7,LC_STORE_ITM_RSS_Food_7,LC_STORE_ITM_RSS_Food_7,icon_prop_temp,1,0,0,0,0,0,0
208,"10,000石材",2,2,1008,2,1,1,10000,2,0,0,10K,LC_STORE_ITM_RSS_Stone_1,LC_STORE_ITM_RSS_Stone_1,LC_STORE_ITM_RSS_Stone_1,icon_prop_temp,2,0,0,0,0,0,0
209,"50,000石材",2,2,1009,2,1,1,50000,2,0,0,50K,LC_STORE_ITM_RSS_Stone_2,LC_STORE_ITM_RSS_Stone_2,LC_STORE_ITM_RSS_Stone_2,icon_prop_temp,3,0,0,0,0,0,0
210,"150,000石材",2,2,1010,2,1,1,150000,2,0,0,150K,LC_STORE_ITM_RSS_Stone_3,LC_STORE_ITM_RSS_Stone_3,LC_STORE_ITM_RSS_Stone_3,icon_prop_temp,4,0,0,0,0,0,0
211,"500,000石材",2,2,1011,2,1,1,500000,2,0,0,500K,LC_STORE_ITM_RSS_Stone_4,LC_STORE_ITM_RSS_Stone_4,LC_STORE_ITM_RSS_Stone_4,icon_prop_temp,5,0,0,0,0,0,0
212,"1,500,000石材",2,2,1012,2,1,1,1500000,2,0,0,1.5M,LC_STORE_ITM_RSS_Stone_5,LC_STORE_ITM_RSS_Stone_5,LC_STORE_ITM_RSS_Stone_5,icon_prop_temp,5,0,0,0,0,0,0
213,"5,000,000石材",2,2,1013,2,1,1,5000000,2,0,0,5M,LC_STORE_ITM_RSS_Stone_6,LC_STORE_ITM_RSS_Stone_6,LC_STORE_ITM_RSS_Stone_6,icon_prop_temp,1,0,0,0,0,0,0
214,"15,000,000石材",2,2,1014,2,1,1,15000000,2,0,0,15M,LC_STORE_ITM_RSS_Stone_7,LC_STORE_ITM_RSS_Stone_7,LC_STORE_ITM_RSS_Stone_7,icon_prop_temp,2,0,0,0,0,0,0
215,"10,000木材",2,2,1015,2,1,1,10000,3,0,0,10K,LC_STORE_ITM_RSS_Wood_1,LC_STORE_ITM_RSS_Wood_1,LC_STORE_ITM_RSS_Wood_1,icon_prop_temp,3,0,0,0,0,0,0
216,"50,000木材",2,2,1016,2,1,1,50000,3,0,0,50K,LC_STORE_ITM_RSS_Wood_2,LC_STORE_ITM_RSS_Wood_2,LC_STORE_ITM_RSS_Wood_2,icon_prop_temp,4,0,0,0,0,0,0
217,"150,000木材",2,2,1017,2,1,1,150000,3,0,0,150K,LC_STORE_ITM_RSS_Wood_3,LC_STORE_ITM_RSS_Wood_3,LC_STORE_ITM_RSS_Wood_3,icon_prop_temp,5,0,0,0,0,0,0
218,"500,000木材",2,2,1018,2,1,1,500000,3,0,0,500K,LC_STORE_ITM_RSS_Wood_4,LC_STORE_ITM_RSS_Wood_4,LC_STORE_ITM_RSS_Wood_4,icon_prop_temp,5,0,0,0,0,0,0
219,"1,500,000木材",2,2,1019,2,1,1,1500000,3,0,0,1.5M,LC_STORE_ITM_RSS_Wood_5,LC_STORE_ITM_RSS_Wood_5,LC_STORE_ITM_RSS_Wood_5,icon_prop_temp,1,0,0,0,0,0,0
220,"5,000,000木材",2,2,1020,2,1,1,5000000,3,0,0,5M,LC_STORE_ITM_RSS_Wood_6,LC_STORE_ITM_RSS_Wood_6,LC_STORE_ITM_RSS_Wood_6,icon_prop_temp,2,0,0,0,0,0,0
221,"15,000,000木材",2,2,1021,2,1,1,15000000,3,0,0,15M,LC_STORE_ITM_RSS_Wood_7,LC_STORE_ITM_RSS_Wood_7,LC_STORE_ITM_RSS_Wood_7,icon_prop_temp,3,0,0,0,0,0,0
222,"10,000铁矿",2,2,1022,2,1,1,10000,4,0,0,10K,LC_STORE_ITM_RSS_Iron_1,LC_STORE_ITM_RSS_Iron_1,LC_STORE_ITM_RSS_Iron_1,icon_prop_temp,4,0,0,0,0,0,0
223,"50,000铁矿",2,2,1023,2,1,1,50000,4,0,0,50K,LC_STORE_ITM_RSS_Iron_2,LC_STORE_ITM_RSS_Iron_2,LC_STORE_ITM_RSS_Iron_2,icon_prop_temp,5,0,0,0,0,0,0
224,"150,000铁矿",2,2,1024,2,1,1,150000,4,0,0,150K,LC_STORE_ITM_RSS_Iron_3,LC_STORE_ITM_RSS_Iron_3,LC_STORE_ITM_RSS_Iron_3,icon_prop_temp,5,0,0,0,0,0,0
225,"500,000铁矿",2,2,1025,2,1,1,500000,4,0,0,500K,LC_STORE_ITM_RSS_Iron_4,LC_STORE_ITM_RSS_Iron_4,LC_STORE_ITM_RSS_Iron_4,icon_prop_temp,1,0,0,0,0,0,0
226,"1,500,000铁矿",2,2,1026,2,1,1,1500000,4,0,0,1.5M,LC_STORE_ITM_RSS_Iron_5,LC_STORE_ITM_RSS_Iron_5,LC_STORE_ITM_RSS_Iron_5,icon_prop_temp,2,0,0,0,0,0,0
227,"5,000,000铁矿",2,2,1027,2,1,1,5000000,4,0,0,5M,LC_STORE_ITM_RSS_Iron_6,LC_STORE_ITM_RSS_Iron_6,LC_STORE_ITM_RSS_Iron_6,icon_prop_temp,3,0,0,0,0,0,0
228,"15,000,000铁矿",2,2,1028,2,1,1,15000000,4,0,0,15M,LC_STORE_ITM_RSS_Iron_7,LC_STORE_ITM_RSS_Iron_7,LC_STORE_ITM_RSS_Iron_7,icon_prop_temp,4,0,0,0,0,0,0
229,"3,000金币",2,2,1029,2,1,1,3000,5,0,0,3K,LC_STORE_ITM_RSS_Gold_1,LC_STORE_ITM_RSS_Gold_1,LC_STORE_ITM_RSS_Gold_1,icon_prop_temp,5,0,0,0,0,0,0
230,"15,000金币",2,2,1030,2,1,1,15000,5,0,0,15K,LC_STORE_ITM_RSS_Gold_2,LC_STORE_ITM_RSS_Gold_2,LC_STORE_ITM_RSS_Gold_2,icon_prop_temp,5,0,0,0,0,0,0
231,"50,000金币",2,2,1031,2,1,1,50000,5,0,0,50K,LC_STORE_ITM_RSS_Gold_3,LC_STORE_ITM_RSS_Gold_3,LC_STORE_ITM_RSS_Gold_3,icon_prop_temp,5,0,0,0,0,0,0
232,"200,000金币",2,2,1032,2,1,1,200000,5,0,0,200K,LC_STORE_ITM_RSS_Gold_4,LC_STORE_ITM_RSS_Gold_4,LC_STORE_ITM_RSS_Gold_4,icon_prop_temp,5,0,0,0,0,0,0
233,"600,000金币",2,2,1033,2,1,1,600000,5,0,0,600K,LC_STORE_ITM_RSS_Gold_5,LC_STORE_ITM_RSS_Gold_5,LC_STORE_ITM_RSS_Gold_5,icon_prop_temp,5,0,0,0,0,0,0
234,"2,000,000金币",2,2,1034,2,1,1,2000000,5,0,0,2M,LC_STORE_ITM_RSS_Gold_6,LC_STORE_ITM_RSS_Gold_6,LC_STORE_ITM_RSS_Gold_6,icon_prop_temp,5,0,0,0,0,0,0
235,"6,000,000金币",2,2,1035,2,1,1,6000000,5,0,0,6M,LC_STORE_ITM_RSS_Gold_7,LC_STORE_ITM_RSS_Gold_7,LC_STORE_ITM_RSS_Gold_7,icon_prop_temp,5,0,0,0,0,0,0
280,钻石+100（直接加）,2,0,1036,0,1,1,100,6,0,0,100,LC_STORE_ITM_RSS_Diamond_1,LC_STORE_ITM_Intro_diamond,LC_STORE_ITM_Intro_diamond,icon_prop_temp,2,0,0,0,0,0,1
300,加速分钟=1,3,3,1037,0,1,2,60,0,0,0,1Min,LC_STORE_ITM_SPD_Min_1,LC_STORE_ITM_SPD_Min_1_D,LC_STORE_ITM_SPD_Min_1_D,icon_prop_temp,1,0,0,0,0,0,0
301,加速分钟=15,3,3,1038,0,1,2,900,0,0,0,15Min,LC_STORE_ITM_SPD_Min_2,LC_STORE_ITM_SPD_Min_2_D,LC_STORE_ITM_SPD_Min_2_D,icon_prop_temp,1,0,0,0,0,0,0
302,加速分钟=60,3,3,1039,0,1,2,3600,0,0,0,60Min,LC_STORE_ITM_SPD_Min_3,LC_STORE_ITM_SPD_Min_3_D,LC_STORE_ITM_SPD_Min_3_D,icon_prop_temp,2,0,0,0,0,0,0
303,加速小时=3,3,3,1040,0,1,2,10800,0,0,0,3H,LC_STORE_ITM_SPD_HR_1,LC_STORE_ITM_SPD_HR_1_D,LC_STORE_ITM_SPD_HR_1_D,icon_prop_temp,2,0,0,0,0,0,0
304,加速小时=8,3,3,1041,0,1,2,28800,0,0,0,8H,LC_STORE_ITM_SPD_HR_2,LC_STORE_ITM_SPD_HR_2_D,LC_STORE_ITM_SPD_HR_2_D,icon_prop_temp,3,0,0,0,0,0,0
305,加速小时=15,3,3,1042,0,1,2,54000,0,0,0,15H,LC_STORE_ITM_SPD_HR_3,LC_STORE_ITM_SPD_HR_3_D,LC_STORE_ITM_SPD_HR_3_D,icon_prop_temp,3,0,0,0,0,0,0
306,加速小时=24,3,3,1043,0,1,2,86400,0,0,0,24H,LC_STORE_ITM_SPD_HR_4,LC_STORE_ITM_SPD_HR_4_D,LC_STORE_ITM_SPD_HR_4_D,icon_prop_temp,4,0,0,0,0,0,0
307,加速天数=3,3,3,1044,0,1,2,259200,0,0,0,3D,LC_STORE_ITM_SPD_Day_1,LC_STORE_ITM_SPD_Day_1_D,LC_STORE_ITM_SPD_Day_1_D,icon_prop_temp,4,0,0,0,0,0,0
308,加速天数=7,3,3,1045,0,1,2,604800,0,0,0,7D,LC_STORE_ITM_SPD_Day_2,LC_STORE_ITM_SPD_Day_2_D,LC_STORE_ITM_SPD_Day_2_D,icon_prop_temp,5,0,0,0,0,0,0
309,加速天数=30,3,3,1046,0,1,2,2592000,0,0,0,30D,LC_STORE_ITM_SPD_Day_3,LC_STORE_ITM_SPD_Day_3_D,LC_STORE_ITM_SPD_Day_3_D,icon_prop_temp,5,0,0,0,0,0,0
310,治疗加速分钟=1,3,3,1047,0,1,2,60,3,0,0,1Min,LC_STORE_ITM_CureSPD_Min_1,LC_STORE_ITM_CureSPD_Min_1_D,LC_STORE_ITM_CureSPD_Min_1_D,icon_prop_temp,1,0,0,0,0,0,0
311,治疗加速分钟=15,3,3,1048,0,1,2,900,3,0,0,15Min,LC_STORE_ITM_CureSPD_Min_2,LC_STORE_ITM_CureSPD_Min_2_D,LC_STORE_ITM_CureSPD_Min_2_D,icon_prop_temp,1,0,0,0,0,0,0
312,治疗加速分钟=60,3,3,1049,0,1,2,3600,3,0,0,60Min,LC_STORE_ITM_CureSPD_Min_3,LC_STORE_ITM_CureSPD_Min_3_D,LC_STORE_ITM_CureSPD_Min_3_D,icon_prop_temp,2,0,0,0,0,0,0
313,治疗加速小时=3,3,3,1050,0,1,2,10800,3,0,0,3H,LC_STORE_ITM_CureSPD_HR_1,LC_STORE_ITM_CureSPD_HR_1_D,LC_STORE_ITM_CureSPD_HR_1_D,icon_prop_temp,2,0,0,0,0,0,0
314,治疗加速小时=8,3,3,1051,0,1,2,28800,3,0,0,8H,LC_STORE_ITM_CureSPD_HR_2,LC_STORE_ITM_CureSPD_HR_2_D,LC_STORE_ITM_CureSPD_HR_2_D,icon_prop_temp,3,0,0,0,0,0,0
315,治疗加速小时=15,3,3,1052,0,1,2,54000,3,0,0,15H,LC_STORE_ITM_CureSPD_HR_3,LC_STORE_ITM_CureSPD_HR_3_D,LC_STORE_ITM_CureSPD_HR_3_D,icon_prop_temp,3,0,0,0,0,0,0
316,治疗加速小时=24,3,3,1053,0,1,2,86400,3,0,0,24H,LC_STORE_ITM_CureSPD_HR_4,LC_STORE_ITM_CureSPD_HR_4_D,LC_STORE_ITM_CureSPD_HR_4_D,icon_prop_temp,4,0,0,0,0,0,0
317,治疗加速天数=3,3,3,1054,0,1,2,259200,3,0,0,3D,LC_STORE_ITM_CureSPD_Day_1,LC_STORE_ITM_CureSPD_Day_1_D,LC_STORE_ITM_CureSPD_Day_1_D,icon_prop_temp,4,0,0,0,0,0,0
318,治疗加速天数=7,3,3,1055,0,1,2,604800,3,0,0,7D,LC_STORE_ITM_CureSPD_Day_2,LC_STORE_ITM_CureSPD_Day_2_D,LC_STORE_ITM_CureSPD_Day_2_D,icon_prop_temp,5,0,0,0,0,0,0
319,治疗加速天数=30,3,3,1056,0,1,2,2592000,3,0,0,30D,LC_STORE_ITM_CureSPD_Day_3,LC_STORE_ITM_CureSPD_Day_3_D,LC_STORE_ITM_CureSPD_Day_3_D,icon_prop_temp,5,0,0,0,0,0,0
320,训练加速分钟=1,3,3,1057,0,1,2,60,2,0,0,1Min,LC_STORE_ITM_TrainSPD_Min_1,LC_STORE_ITM_TrainSPD_Min_1_D,LC_STORE_ITM_TrainSPD_Min_1_D,icon_prop_temp,1,0,0,0,0,0,0
321,训练加速分钟=15,3,3,1058,0,1,2,900,2,0,0,15Min,LC_STORE_ITM_TrainSPD_Min_2,LC_STORE_ITM_TrainSPD_Min_2_D,LC_STORE_ITM_TrainSPD_Min_2_D,icon_prop_temp,1,0,0,0,0,0,0
322,训练加速分钟=60,3,3,1059,0,1,2,3600,2,0,0,60Min,LC_STORE_ITM_TrainSPD_Min_3,LC_STORE_ITM_TrainSPD_Min_3_D,LC_STORE_ITM_TrainSPD_Min_3_D,icon_prop_temp,2,0,0,0,0,0,0
323,训练加速小时=3,3,3,1060,0,1,2,10800,2,0,0,3H,LC_STORE_ITM_TrainSPD_HR_1,LC_STORE_ITM_TrainSPD_HR_1_D,LC_STORE_ITM_TrainSPD_HR_1_D,icon_prop_temp,2,0,0,0,0,0,0
324,训练加速小时=8,3,3,1061,0,1,2,28800,2,0,0,8H,LC_STORE_ITM_TrainSPD_HR_2,LC_STORE_ITM_TrainSPD_HR_2_D,LC_STORE_ITM_TrainSPD_HR_2_D,icon_prop_temp,3,0,0,0,0,0,0
325,训练加速小时=15,3,3,1062,0,1,2,54000,2,0,0,15H,LC_STORE_ITM_TrainSPD_HR_3,LC_STORE_ITM_TrainSPD_HR_3_D,LC_STORE_ITM_TrainSPD_HR_3_D,icon_prop_temp,3,0,0,0,0,0,0
326,训练加速小时=24,3,3,1063,0,1,2,86400,2,0,0,24H,LC_STORE_ITM_TrainSPD_HR_4,LC_STORE_ITM_TrainSPD_HR_4_D,LC_STORE_ITM_TrainSPD_HR_4_D,icon_prop_temp,4,0,0,0,0,0,0
327,训练加速天数=3,3,3,1064,0,1,2,259200,2,0,0,3D,LC_STORE_ITM_TrainSPD_Day_1,LC_STORE_ITM_TrainSPD_Day_1_D,LC_STORE_ITM_TrainSPD_Day_1_D,icon_prop_temp,4,0,0,0,0,0,0
328,训练加速天数=7,3,3,1065,0,1,2,604800,2,0,0,7D,LC_STORE_ITM_TrainSPD_Day_2,LC_STORE_ITM_TrainSPD_Day_2_D,LC_STORE_ITM_TrainSPD_Day_2_D,icon_prop_temp,5,0,0,0,0,0,0
329,训练加速天数=30,3,3,1066,0,1,2,2592000,2,0,0,30D,LC_STORE_ITM_TrainSPD_Day_3,LC_STORE_ITM_TrainSPD_Day_3_D,LC_STORE_ITM_TrainSPD_Day_3_D,icon_prop_temp,5,0,0,0,0,0,0
330,建造加速分钟=1,3,3,1067,0,1,2,60,1,0,0,1Min,LC_STORE_ITM_BuildSPD_Min_1,LC_STORE_ITM_BuildSPD_Min_1_D,LC_STORE_ITM_BuildSPD_Min_1_D,icon_prop_temp,1,0,0,0,0,0,0
331,建造加速分钟=15,3,3,1068,0,1,2,900,1,0,0,15Min,LC_STORE_ITM_BuildSPD_Min_2,LC_STORE_ITM_BuildSPD_Min_2_D,LC_STORE_ITM_BuildSPD_Min_2_D,icon_prop_temp,1,0,0,0,0,0,0
332,建造加速分钟=60,3,3,1069,0,1,2,3600,1,0,0,60Min,LC_STORE_ITM_BuildSPD_Min_3,LC_STORE_ITM_BuildSPD_Min_3_D,LC_STORE_ITM_BuildSPD_Min_3_D,icon_prop_temp,2,0,0,0,0,0,0
333,建造加速小时=3,3,3,1070,0,1,2,10800,1,0,0,3H,LC_STORE_ITM_BuildSPD_HR_1,LC_STORE_ITM_BuildSPD_HR_1_D,LC_STORE_ITM_BuildSPD_HR_1_D,icon_prop_temp,2,0,0,0,0,0,0
334,建造加速小时=8,3,3,1071,0,1,2,28800,1,0,0,8H,LC_STORE_ITM_BuildSPD_HR_2,LC_STORE_ITM_BuildSPD_HR_2_D,LC_STORE_ITM_BuildSPD_HR_2_D,icon_prop_temp,3,0,0,0,0,0,0
335,建造加速小时=15,3,3,1072,0,1,2,54000,1,0,0,15H,LC_STORE_ITM_BuildSPD_HR_3,LC_STORE_ITM_BuildSPD_HR_3_D,LC_STORE_ITM_BuildSPD_HR_3_D,icon_prop_temp,3,0,0,0,0,0,0
336,建造加速小时=24,3,3,1073,0,1,2,86400,1,0,0,24H,LC_STORE_ITM_BuildSPD_HR_4,LC_STORE_ITM_BuildSPD_HR_4_D,LC_STORE_ITM_BuildSPD_HR_4_D,icon_prop_temp,4,0,0,0,0,0,0
337,建造加速天数=3,3,3,1074,0,1,2,259200,1,0,0,3D,LC_STORE_ITM_BuildSPD_Day_1,LC_STORE_ITM_BuildSPD_Day_1_D,LC_STORE_ITM_BuildSPD_Day_1_D,icon_prop_temp,4,0,0,0,0,0,0
338,建造加速天数=7,3,3,1075,0,1,2,604800,1,0,0,7D,LC_STORE_ITM_BuildSPD_Day_2,LC_STORE_ITM_BuildSPD_Day_2_D,LC_STORE_ITM_BuildSPD_Day_2_D,icon_prop_temp,5,0,0,0,0,0,0
339,建造加速天数=30,3,3,1076,0,1,2,2592000,1,0,0,30D,LC_STORE_ITM_BuildSPD_Day_3,LC_STORE_ITM_BuildSPD_Day_3_D,LC_STORE_ITM_BuildSPD_Day_3_D,icon_prop_temp,5,0,0,0,0,0,0
340,研究加速分钟=1,3,3,1077,0,1,2,60,7,0,0,1Min,LC_STORE_ITM_ResearchSPD_Min_1,LC_STORE_ITM_ResearchSPD_Min_1_D,LC_STORE_ITM_ResearchSPD_Min_1_D,icon_prop_temp,5,0,0,0,0,0,0
341,研究加速分钟=15,3,3,1078,0,1,2,900,7,0,0,15Min,LC_STORE_ITM_ResearchSPD_Min_2,LC_STORE_ITM_ResearchSPD_Min_2_D,LC_STORE_ITM_ResearchSPD_Min_2_D,icon_prop_temp,5,0,0,0,0,0,0
342,研究加速分钟=60,3,3,1079,0,1,2,3600,7,0,0,60Min,LC_STORE_ITM_ResearchSPD_Min_3,LC_STORE_ITM_ResearchSPD_Min_3_D,LC_STORE_ITM_ResearchSPD_Min_3_D,icon_prop_temp,5,0,0,0,0,0,0
343,研究加速小时=3,3,3,1080,0,1,2,10800,7,0,0,3H,LC_STORE_ITM_ResearchSPD_HR_1,LC_STORE_ITM_ResearchSPD_HR_1_D,LC_STORE_ITM_ResearchSPD_HR_1_D,icon_prop_temp,5,0,0,0,0,0,0
344,研究加速小时=8,3,3,1081,0,1,2,28800,7,0,0,8H,LC_STORE_ITM_ResearchSPD_HR_2,LC_STORE_ITM_ResearchSPD_HR_2_D,LC_STORE_ITM_ResearchSPD_HR_2_D,icon_prop_temp,1,0,0,0,0,0,0
345,研究加速小时=15,3,3,1082,0,1,2,54000,7,0,0,15H,LC_STORE_ITM_ResearchSPD_HR_3,LC_STORE_ITM_ResearchSPD_HR_3_D,LC_STORE_ITM_ResearchSPD_HR_3_D,icon_prop_temp,1,0,0,0,0,0,0
346,研究加速小时=24,3,3,1083,0,1,2,86400,7,0,0,24H,LC_STORE_ITM_ResearchSPD_HR_4,LC_STORE_ITM_ResearchSPD_HR_4_D,LC_STORE_ITM_ResearchSPD_HR_4_D,icon_prop_temp,2,0,0,0,0,0,0
347,研究加速天数=3,3,3,1084,0,1,2,259200,7,0,0,3D,LC_STORE_ITM_ResearchSPD_Day_1,LC_STORE_ITM_ResearchSPD_Day_1_D,LC_STORE_ITM_ResearchSPD_Day_1_D,icon_prop_temp,2,0,0,0,0,0,0
348,研究加速天数=7,3,3,1085,0,1,2,604800,7,0,0,7D,LC_STORE_ITM_ResearchSPD_Day_2,LC_STORE_ITM_ResearchSPD_Day_2_D,LC_STORE_ITM_ResearchSPD_Day_2_D,icon_prop_temp,3,0,0,0,0,0,0
349,研究加速天数=30,3,3,1086,0,1,2,2592000,7,0,0,30D,LC_STORE_ITM_ResearchSPD_Day_3,LC_STORE_ITM_ResearchSPD_Day_3_D,LC_STORE_ITM_ResearchSPD_Day_3_D,icon_prop_temp,3,0,0,0,0,0,0
400,护盾8小时,4,3,100,1,1,0,176,0,0,28800,8H,LC_STORE_ITM_BUF_Shield_1,LC_STORE_ITM_BUF_Shield_1_D,LC_STORE_ITM_BUF_Shield_1_D,icon_prop_temp,1,0,0,0,0,0,0
401,护盾24小时,4,3,101,1,1,0,176,0,0,86400,1D,LC_STORE_ITM_BUF_Shield_1,LC_STORE_ITM_BUF_Shield_1_D,LC_STORE_ITM_BUF_Shield_1_D,icon_prop_temp,2,0,0,0,0,0,0
402,护盾3天,4,3,102,1,1,0,176,0,0,259200,3D,LC_STORE_ITM_BUF_Shield_1,LC_STORE_ITM_BUF_Shield_1_D,LC_STORE_ITM_BUF_Shield_1_D,icon_prop_temp,3,0,0,0,0,0,0
1000,稀有材料宝箱,5,5,100,2,1,100,1,0,0,0,0,LC_STORE_ITM_MaterialChest_Rare,LC_STORE_ITM_MaterialChest_Rare_D,LC_STORE_ITM_MaterialChest_Rare_D,icon_prop_temp,3,0,0,0,0,0,0
1001,史诗材料宝箱,5,5,101,2,1,100,2,0,0,0,0,LC_STORE_ITM_MaterialChest_Epic,LC_STORE_ITM_MaterialChest_Epic_D,LC_STORE_ITM_MaterialChest_Epic_D,icon_prop_temp,4,0,0,0,0,0,0
1002,传奇材料宝箱,5,5,102,2,1,100,3,0,0,0,0,LC_STORE_ITM_MaterialChest_Legend,LC_STORE_ITM_MaterialChest_Legend_D,LC_STORE_ITM_MaterialChest_Legend_D,icon_prop_temp,5,0,0,0,0,0,0
1003,稀有宝石宝箱,5,5,103,2,1,100,4,0,0,0,0,LC_STORE_ITM_GemChest_Rare,LC_STORE_ITM_GemChest_Rare_D,LC_STORE_ITM_GemChest_Rare_D,icon_prop_temp,3,0,0,0,0,0,0
1004,史诗宝石宝箱,5,5,104,2,1,100,5,0,0,0,0,LC_STORE_ITM_GemChest_Epic,LC_STORE_ITM_GemChest_Epic_D,LC_STORE_ITM_GemChest_Epic_D,icon_prop_temp,4,0,0,0,0,0,0
1005,传奇宝石宝箱,5,5,105,2,1,100,6,0,0,0,0,LC_STORE_ITM_GemChest_Legend,LC_STORE_ITM_GemChest_Legend_D,LC_STORE_ITM_GemChest_Legend_D,icon_prop_temp,5,0,0,0,0,0,0
10101,白-亚麻,8,0,0,0,1,0,0,0,0,0,0,LC_EQUIP_Material_1,LC_EQUIP_Material_1,LC_EQUIP_Material_1,icon_prop_temp,1,0,0,0,0,0,0
10201,白-兽皮,8,0,0,0,1,0,0,0,0,0,0,LC_EQUIP_Material_2,LC_EQUIP_Material_2,LC_EQUIP_Material_2,icon_prop_temp,1,0,0,0,0,0,0
10301,白-藤蔓,8,0,0,0,1,0,0,0,0,0,0,LC_EQUIP_Material_3,LC_EQUIP_Material_3,LC_EQUIP_Material_3,icon_prop_temp,1,0,0,0,0,0,0
10401,白-羽毛,8,0,0,0,1,0,0,0,0,0,0,LC_EQUIP_Material_4,LC_EQUIP_Material_4,LC_EQUIP_Material_4,icon_prop_temp,1,0,0,0,0,0,0
10501,白-木块,8,0,0,0,1,0,0,0,0,0,0,LC_EQUIP_Material_5,LC_EQUIP_Material_5,LC_EQUIP_Material_5,icon_prop_temp,1,0,0,0,0,0,0
10601,白-树枝,8,0,0,0,1,0,0,0,0,0,0,LC_EQUIP_Material_6,LC_EQUIP_Material_6,LC_EQUIP_Material_6,icon_prop_temp,1,0,0,0,0,0,0
10701,白-石墨,8,0,0,0,1,0,0,0,0,0,0,LC_EQUIP_Material_7,LC_EQUIP_Material_7,LC_EQUIP_Material_7,icon_prop_temp,1,0,0,0,0,0,0
10801,白-矿砂,8,0,0,0,1,0,0,0,0,0,0,LC_EQUIP_Material_8,LC_EQUIP_Material_8,LC_EQUIP_Material_8,icon_prop_temp,1,0,0,0,0,0,0
10901,白-金属,8,0,0,0,1,0,0,0,0,0,0,LC_EQUIP_Material_9,LC_EQUIP_Material_9,LC_EQUIP_Material_9,icon_prop_temp,1,0,0,0,0,0,0
11001,白-秘银,8,0,0,0,1,0,0,0,0,0,0,LC_EQUIP_Material_10,LC_EQUIP_Material_10,LC_EQUIP_Material_10,icon_prop_temp,1,0,0,0,0,0,0
11101,白-玛瑙,8,0,0,0,1,0,0,0,0,0,0,LC_EQUIP_Material_11,LC_EQUIP_Material_11,LC_EQUIP_Material_11,icon_prop_temp,1,0,0,0,0,0,0
11201,白-黄铜,8,0,0,0,1,0,0,0,0,0,0,LC_EQUIP_Material_12,LC_EQUIP_Material_12,LC_EQUIP_Material_12,icon_prop_temp,1,0,0,0,0,0,0
11301,白-泥土,8,0,0,0,1,0,0,0,0,0,0,LC_EQUIP_Material_13,LC_EQUIP_Material_13,LC_EQUIP_Material_13,icon_prop_temp,1,0,0,0,0,0,0
10102,绿-亚麻,8,0,0,0,1,0,0,0,0,0,0,LC_EQUIP_Material_1,LC_EQUIP_Material_1,LC_EQUIP_Material_1,icon_prop_temp,2,0,0,0,10101#4,0,0
10202,绿-兽皮,8,0,0,0,1,0,0,0,0,0,0,LC_EQUIP_Material_2,LC_EQUIP_Material_2,LC_EQUIP_Material_2,icon_prop_temp,2,0,0,0,10201#4,0,0
10302,绿-藤蔓,8,0,0,0,1,0,0,0,0,0,0,LC_EQUIP_Material_3,LC_EQUIP_Material_3,LC_EQUIP_Material_3,icon_prop_temp,2,0,0,0,10301#4,0,0
10402,绿-羽毛,8,0,0,0,1,0,0,0,0,0,0,LC_EQUIP_Material_4,LC_EQUIP_Material_4,LC_EQUIP_Material_4,icon_prop_temp,2,0,0,0,10401#4,0,0
10502,绿-木块,8,0,0,0,1,0,0,0,0,0,0,LC_EQUIP_Material_5,LC_EQUIP_Material_5,LC_EQUIP_Material_5,icon_prop_temp,2,0,0,0,10501#4,0,0
10602,绿-树枝,8,0,0,0,1,0,0,0,0,0,0,LC_EQUIP_Material_6,LC_EQUIP_Material_6,LC_EQUIP_Material_6,icon_prop_temp,2,0,0,0,10601#4,0,0
10702,绿-石墨,8,0,0,0,1,0,0,0,0,0,0,LC_EQUIP_Material_7,LC_EQUIP_Material_7,LC_EQUIP_Material_7,icon_prop_temp,2,0,0,0,10701#4,0,0
10802,绿-矿砂,8,0,0,0,1,0,0,0,0,0,0,LC_EQUIP_Material_8,LC_EQUIP_Material_8,LC_EQUIP_Material_8,icon_prop_temp,2,0,0,0,10801#4,0,0
10902,绿-金属,8,0,0,0,1,0,0,0,0,0,0,LC_EQUIP_Material_9,LC_EQUIP_Material_9,LC_EQUIP_Material_9,icon_prop_temp,2,0,0,0,10901#4,0,0
11002,绿-秘银,8,0,0,0,1,0,0,0,0,0,0,LC_EQUIP_Material_10,LC_EQUIP_Material_10,LC_EQUIP_Material_10,icon_prop_temp,2,0,0,0,11001#4,0,0
11102,绿-玛瑙,8,0,0,0,1,0,0,0,0,0,0,LC_EQUIP_Material_11,LC_EQUIP_Material_11,LC_EQUIP_Material_11,icon_prop_temp,2,0,0,0,11101#4,0,0
11202,绿-黄铜,8,0,0,0,1,0,0,0,0,0,0,LC_EQUIP_Material_12,LC_EQUIP_Material_12,LC_EQUIP_Material_12,icon_prop_temp,2,0,0,0,11201#4,0,0
11302,绿-泥土,8,0,0,0,1,0,0,0,0,0,0,LC_EQUIP_Material_13,LC_EQUIP_Material_13,LC_EQUIP_Material_13,icon_prop_temp,2,0,0,0,11301#4,0,0
10103,蓝-亚麻,8,0,0,0,1,0,0,0,0,0,0,LC_EQUIP_Material_1,LC_EQUIP_Material_1,LC_EQUIP_Material_1,icon_prop_temp,3,0,0,0,10102#4,0,0
10203,蓝-兽皮,8,0,0,0,1,0,0,0,0,0,0,LC_EQUIP_Material_2,LC_EQUIP_Material_2,LC_EQUIP_Material_2,icon_prop_temp,3,0,0,0,10202#4,0,0
10303,蓝-藤蔓,8,0,0,0,1,0,0,0,0,0,0,LC_EQUIP_Material_3,LC_EQUIP_Material_3,LC_EQUIP_Material_3,icon_prop_temp,3,0,0,0,10302#4,0,0
10403,蓝-羽毛,8,0,0,0,1,0,0,0,0,0,0,LC_EQUIP_Material_4,LC_EQUIP_Material_4,LC_EQUIP_Material_4,icon_prop_temp,3,0,0,0,10402#4,0,0
10503,蓝-木块,8,0,0,0,1,0,0,0,0,0,0,LC_EQUIP_Material_5,LC_EQUIP_Material_5,LC_EQUIP_Material_5,icon_prop_temp,3,0,0,0,10502#4,0,0
10603,蓝-树枝,8,0,0,0,1,0,0,0,0,0,0,LC_EQUIP_Material_6,LC_EQUIP_Material_6,LC_EQUIP_Material_6,icon_prop_temp,3,0,0,0,10602#4,0,0
10703,蓝-石墨,8,0,0,0,1,0,0,0,0,0,0,LC_EQUIP_Material_7,LC_EQUIP_Material_7,LC_EQUIP_Material_7,icon_prop_temp,3,0,0,0,10702#4,0,0
10803,蓝-矿砂,8,0,0,0,1,0,0,0,0,0,0,LC_EQUIP_Material_8,LC_EQUIP_Material_8,LC_EQUIP_Material_8,icon_prop_temp,3,0,0,0,10802#4,0,0
10903,蓝-金属,8,0,0,0,1,0,0,0,0,0,0,LC_EQUIP_Material_9,LC_EQUIP_Material_9,LC_EQUIP_Material_9,icon_prop_temp,3,0,0,0,10902#4,0,0
11003,蓝-秘银,8,0,0,0,1,0,0,0,0,0,0,LC_EQUIP_Material_10,LC_EQUIP_Material_10,LC_EQUIP_Material_10,icon_prop_temp,3,0,0,0,11002#4,0,0
11103,蓝-玛瑙,8,0,0,0,1,0,0,0,0,0,0,LC_EQUIP_Material_11,LC_EQUIP_Material_11,LC_EQUIP_Material_11,icon_prop_temp,3,0,0,0,11102#4,0,0
11203,蓝-黄铜,8,0,0,0,1,0,0,0,0,0,0,LC_EQUIP_Material_12,LC_EQUIP_Material_12,LC_EQUIP_Material_12,icon_prop_temp,3,0,0,0,11202#4,0,0
11303,蓝-泥土,8,0,0,0,1,0,0,0,0,0,0,LC_EQUIP_Material_13,LC_EQUIP_Material_13,LC_EQUIP_Material_13,icon_prop_temp,3,0,0,0,11302#4,0,0
10104,紫-亚麻,8,0,0,0,1,0,0,0,0,0,0,LC_EQUIP_Material_1,LC_EQUIP_Material_1,LC_EQUIP_Material_1,icon_prop_temp,4,0,0,0,10103#4,0,0
10204,紫-兽皮,8,0,0,0,1,0,0,0,0,0,0,LC_EQUIP_Material_2,LC_EQUIP_Material_2,LC_EQUIP_Material_2,icon_prop_temp,4,0,0,0,10203#4,0,0
10304,紫-藤蔓,8,0,0,0,1,0,0,0,0,0,0,LC_EQUIP_Material_3,LC_EQUIP_Material_3,LC_EQUIP_Material_3,icon_prop_temp,4,0,0,0,10303#4,0,0
10404,紫-羽毛,8,0,0,0,1,0,0,0,0,0,0,LC_EQUIP_Material_4,LC_EQUIP_Material_4,LC_EQUIP_Material_4,icon_prop_temp,4,0,0,0,10403#4,0,0
10504,紫-木块,8,0,0,0,1,0,0,0,0,0,0,LC_EQUIP_Material_5,LC_EQUIP_Material_5,LC_EQUIP_Material_5,icon_prop_temp,4,0,0,0,10503#4,0,0
10604,紫-树枝,8,0,0,0,1,0,0,0,0,0,0,LC_EQUIP_Material_6,LC_EQUIP_Material_6,LC_EQUIP_Material_6,icon_prop_temp,4,0,0,0,10603#4,0,0
10704,紫-石墨,8,0,0,0,1,0,0,0,0,0,0,LC_EQUIP_Material_7,LC_EQUIP_Material_7,LC_EQUIP_Material_7,icon_prop_temp,4,0,0,0,10703#4,0,0
10804,紫-矿砂,8,0,0,0,1,0,0,0,0,0,0,LC_EQUIP_Material_8,LC_EQUIP_Material_8,LC_EQUIP_Material_8,icon_prop_temp,4,0,0,0,10803#4,0,0
10904,紫-金属,8,0,0,0,1,0,0,0,0,0,0,LC_EQUIP_Material_9,LC_EQUIP_Material_9,LC_EQUIP_Material_9,icon_prop_temp,4,0,0,0,10903#4,0,0
11004,紫-秘银,8,0,0,0,1,0,0,0,0,0,0,LC_EQUIP_Material_10,LC_EQUIP_Material_10,LC_EQUIP_Material_10,icon_prop_temp,4,0,0,0,11003#4,0,0
11104,紫-玛瑙,8,0,0,0,1,0,0,0,0,0,0,LC_EQUIP_Material_11,LC_EQUIP_Material_11,LC_EQUIP_Material_11,icon_prop_temp,4,0,0,0,11103#4,0,0
11204,紫-黄铜,8,0,0,0,1,0,0,0,0,0,0,LC_EQUIP_Material_12,LC_EQUIP_Material_12,LC_EQUIP_Material_12,icon_prop_temp,4,0,0,0,11203#4,0,0
11304,紫-泥土,8,0,0,0,1,0,0,0,0,0,0,LC_EQUIP_Material_13,LC_EQUIP_Material_13,LC_EQUIP_Material_13,icon_prop_temp,4,0,0,0,11303#4,0,0
10105,金-亚麻,8,0,0,0,1,0,0,0,0,0,0,LC_EQUIP_Material_1,LC_EQUIP_Material_1,LC_EQUIP_Material_1,icon_prop_temp,5,0,0,0,10104#4,0,0
10205,金-兽皮,8,0,0,0,1,0,0,0,0,0,0,LC_EQUIP_Material_2,LC_EQUIP_Material_2,LC_EQUIP_Material_2,icon_prop_temp,5,0,0,0,10204#4,0,0
10305,金-藤蔓,8,0,0,0,1,0,0,0,0,0,0,LC_EQUIP_Material_3,LC_EQUIP_Material_3,LC_EQUIP_Material_3,icon_prop_temp,5,0,0,0,10304#4,0,0
10405,金-羽毛,8,0,0,0,1,0,0,0,0,0,0,LC_EQUIP_Material_4,LC_EQUIP_Material_4,LC_EQUIP_Material_4,icon_prop_temp,5,0,0,0,10404#4,0,0
10505,金-木块,8,0,0,0,1,0,0,0,0,0,0,LC_EQUIP_Material_5,LC_EQUIP_Material_5,LC_EQUIP_Material_5,icon_prop_temp,5,0,0,0,10504#4,0,0
10605,金-树枝,8,0,0,0,1,0,0,0,0,0,0,LC_EQUIP_Material_6,LC_EQUIP_Material_6,LC_EQUIP_Material_6,icon_prop_temp,5,0,0,0,10604#4,0,0
10705,金-石墨,8,0,0,0,1,0,0,0,0,0,0,LC_EQUIP_Material_7,LC_EQUIP_Material_7,LC_EQUIP_Material_7,icon_prop_temp,5,0,0,0,10704#4,0,0
10805,金-矿砂,8,0,0,0,1,0,0,0,0,0,0,LC_EQUIP_Material_8,LC_EQUIP_Material_8,LC_EQUIP_Material_8,icon_prop_temp,5,0,0,0,10804#4,0,0
10905,金-金属,8,0,0,0,1,0,0,0,0,0,0,LC_EQUIP_Material_9,LC_EQUIP_Material_9,LC_EQUIP_Material_9,icon_prop_temp,5,0,0,0,10904#4,0,0
11005,金-秘银,8,0,0,0,1,0,0,0,0,0,0,LC_EQUIP_Material_10,LC_EQUIP_Material_10,LC_EQUIP_Material_10,icon_prop_temp,5,0,0,0,11004#4,0,0
11105,金-玛瑙,8,0,0,0,1,0,0,0,0,0,0,LC_EQUIP_Material_11,LC_EQUIP_Material_11,LC_EQUIP_Material_11,icon_prop_temp,5,0,0,0,11104#4,0,0
11205,金-黄铜,8,0,0,0,1,0,0,0,0,0,0,LC_EQUIP_Material_12,LC_EQUIP_Material_12,LC_EQUIP_Material_12,icon_prop_temp,5,0,0,0,11204#4,0,0
11305,金-泥土,8,0,0,0,1,0,0,0,0,0,0,LC_EQUIP_Material_13,LC_EQUIP_Material_13,LC_EQUIP_Material_13,icon_prop_temp,5,0,0,0,11304#4,0,0
30101,步兵攻击宝石-白,7,0,0,0,1,0,0,141#100,0,0,0,LC_EQUIP_Gem_InfantryATK,LC_EQUIP_Gem_InfantryATK,LC_EQUIP_Gem_InfantryATK,icon_prop_jewelry_01,1,0,0,0,0,0,0
30102,步兵攻击宝石-绿,7,0,0,0,1,0,0,141#200,0,0,0,LC_EQUIP_Gem_InfantryATK,LC_EQUIP_Gem_InfantryATK,LC_EQUIP_Gem_InfantryATK,icon_prop_jewelry_01,2,0,0,0,30011#4,0,0
30103,步兵攻击宝石-蓝,7,0,0,0,1,0,0,141#300,0,0,0,LC_EQUIP_Gem_InfantryATK,LC_EQUIP_Gem_InfantryATK,LC_EQUIP_Gem_InfantryATK,icon_prop_jewelry_01,3,0,0,0,30012#4,0,0
30104,步兵攻击宝石-紫,7,0,0,0,1,0,0,141#400,0,0,0,LC_EQUIP_Gem_InfantryATK,LC_EQUIP_Gem_InfantryATK,LC_EQUIP_Gem_InfantryATK,icon_prop_jewelry_01,4,0,0,0,30013#4,0,0
30105,步兵攻击宝石-金,7,0,0,0,1,0,0,141#500,0,0,0,LC_EQUIP_Gem_InfantryATK,LC_EQUIP_Gem_InfantryATK,LC_EQUIP_Gem_InfantryATK,icon_prop_jewelry_01,5,0,0,0,30014#4,0,0
30201,步兵防御宝石-白,7,0,0,0,1,0,0,142#100,0,0,0,LC_EQUIP_Gem_InfantryDEF,LC_EQUIP_Gem_InfantryDEF,LC_EQUIP_Gem_InfantryDEF,icon_prop_jewelry_01,1,0,0,0,0,0,0
30202,步兵防御宝石-绿,7,0,0,0,1,0,0,142#200,0,0,0,LC_EQUIP_Gem_InfantryDEF,LC_EQUIP_Gem_InfantryDEF,LC_EQUIP_Gem_InfantryDEF,icon_prop_jewelry_01,2,0,0,0,30021#4,0,0
30203,步兵防御宝石-蓝,7,0,0,0,1,0,0,142#300,0,0,0,LC_EQUIP_Gem_InfantryDEF,LC_EQUIP_Gem_InfantryDEF,LC_EQUIP_Gem_InfantryDEF,icon_prop_jewelry_01,3,0,0,0,30022#4,0,0
30204,步兵防御宝石-紫,7,0,0,0,1,0,0,142#400,0,0,0,LC_EQUIP_Gem_InfantryDEF,LC_EQUIP_Gem_InfantryDEF,LC_EQUIP_Gem_InfantryDEF,icon_prop_jewelry_01,4,0,0,0,30023#4,0,0
30205,步兵防御宝石-金,7,0,0,0,1,0,0,142#500,0,0,0,LC_EQUIP_Gem_InfantryDEF,LC_EQUIP_Gem_InfantryDEF,LC_EQUIP_Gem_InfantryDEF,icon_prop_jewelry_01,5,0,0,0,30024#4,0,0
30301,步兵生命宝石-白,7,0,0,0,1,0,0,143#100,0,0,0,LC_EQUIP_Gem_InfantryHP,LC_EQUIP_Gem_InfantryHP,LC_EQUIP_Gem_InfantryHP,icon_prop_jewelry_01,1,0,0,0,0,0,0
30302,步兵生命宝石-绿,7,0,0,0,1,0,0,143#200,0,0,0,LC_EQUIP_Gem_InfantryHP,LC_EQUIP_Gem_InfantryHP,LC_EQUIP_Gem_InfantryHP,icon_prop_jewelry_01,2,0,0,0,30031#4,0,0
30303,步兵生命宝石-蓝,7,0,0,0,1,0,0,143#300,0,0,0,LC_EQUIP_Gem_InfantryHP,LC_EQUIP_Gem_InfantryHP,LC_EQUIP_Gem_InfantryHP,icon_prop_jewelry_01,3,0,0,0,30032#4,0,0
30304,步兵生命宝石-紫,7,0,0,0,1,0,0,143#400,0,0,0,LC_EQUIP_Gem_InfantryHP,LC_EQUIP_Gem_InfantryHP,LC_EQUIP_Gem_InfantryHP,icon_prop_jewelry_01,4,0,0,0,30033#4,0,0
30305,步兵生命宝石-金,7,0,0,0,1,0,0,143#500,0,0,0,LC_EQUIP_Gem_InfantryHP,LC_EQUIP_Gem_InfantryHP,LC_EQUIP_Gem_InfantryHP,icon_prop_jewelry_01,5,0,0,0,30034#4,0,0
50011,武器1-白,6,0,0,0,1,0,0,0,0,0,0,LC_EQUIP_Equip_Weapon_1,LC_EQUIP_Equip_Weapon_1,LC_EQUIP_Equip_Weapon_1,icon_equip_weapon_03,1,0,0,0,30035#4,0,0
50012,武器1-绿,6,0,0,0,1,0,0,0,0,0,0,LC_EQUIP_Equip_Weapon_1,LC_EQUIP_Equip_Weapon_1,LC_EQUIP_Equip_Weapon_1,icon_equip_weapon_03,2,0,0,0,0,0,0
50013,武器1-蓝,6,0,0,0,1,0,0,0,0,0,0,LC_EQUIP_Equip_Weapon_1,LC_EQUIP_Equip_Weapon_1,LC_EQUIP_Equip_Weapon_1,icon_equip_weapon_03,3,0,0,0,0,0,0
50014,武器1-紫,6,0,0,0,1,0,0,0,0,0,0,LC_EQUIP_Equip_Weapon_1,LC_EQUIP_Equip_Weapon_1,LC_EQUIP_Equip_Weapon_1,icon_equip_weapon_03,4,0,0,0,0,0,0
50015,武器1-金,6,0,0,0,1,0,0,0,0,0,0,LC_EQUIP_Equip_Weapon_1,LC_EQUIP_Equip_Weapon_1,LC_EQUIP_Equip_Weapon_1,icon_equip_weapon_03,5,0,0,0,0,0,0
50021,武器2-白,6,0,0,0,1,0,0,0,0,0,0,LC_EQUIP_Equip_Weapon_2,LC_EQUIP_Equip_Weapon_2,LC_EQUIP_Equip_Weapon_2,icon_equip_weapon_03,1,0,0,0,0,0,0
50022,武器2-绿,6,0,0,0,1,0,0,0,0,0,0,LC_EQUIP_Equip_Weapon_2,LC_EQUIP_Equip_Weapon_2,LC_EQUIP_Equip_Weapon_2,icon_equip_weapon_03,2,0,0,0,0,0,0
50023,武器2-蓝,6,0,0,0,1,0,0,0,0,0,0,LC_EQUIP_Equip_Weapon_2,LC_EQUIP_Equip_Weapon_2,LC_EQUIP_Equip_Weapon_2,icon_equip_weapon_03,3,0,0,0,0,0,0
50024,武器2-紫,6,0,0,0,1,0,0,0,0,0,0,LC_EQUIP_Equip_Weapon_2,LC_EQUIP_Equip_Weapon_2,LC_EQUIP_Equip_Weapon_2,icon_equip_weapon_03,4,0,0,0,0,0,0
50025,武器2-金,6,0,0,0,1,0,0,0,0,0,0,LC_EQUIP_Equip_Weapon_2,LC_EQUIP_Equip_Weapon_2,LC_EQUIP_Equip_Weapon_2,icon_equip_weapon_03,5,0,0,0,0,0,0
50031,武器3-白,6,0,0,0,1,0,0,0,0,0,0,LC_EQUIP_Equip_Weapon_3,LC_EQUIP_Equip_Weapon_3,LC_EQUIP_Equip_Weapon_3,icon_equip_weapon_03,1,0,0,0,0,0,0
50032,武器3-绿,6,0,0,0,1,0,0,0,0,0,0,LC_EQUIP_Equip_Weapon_3,LC_EQUIP_Equip_Weapon_3,LC_EQUIP_Equip_Weapon_3,icon_equip_weapon_03,2,0,0,0,0,0,0
50033,武器3-蓝,6,0,0,0,1,0,0,0,0,0,0,LC_EQUIP_Equip_Weapon_3,LC_EQUIP_Equip_Weapon_3,LC_EQUIP_Equip_Weapon_3,icon_equip_weapon_03,3,0,0,0,0,0,0
50034,武器3-紫,6,0,0,0,1,0,0,0,0,0,0,LC_EQUIP_Equip_Weapon_3,LC_EQUIP_Equip_Weapon_3,LC_EQUIP_Equip_Weapon_3,icon_equip_weapon_03,4,0,0,0,0,0,0
50035,武器3-金,6,0,0,0,1,0,0,0,0,0,0,LC_EQUIP_Equip_Weapon_3,LC_EQUIP_Equip_Weapon_3,LC_EQUIP_Equip_Weapon_3,icon_equip_weapon_03,5,0,0,0,0,0,0
50041,武器4-白,6,0,0,0,1,0,0,0,0,0,0,LC_EQUIP_Equip_Weapon_4,LC_EQUIP_Equip_Weapon_4,LC_EQUIP_Equip_Weapon_4,icon_equip_weapon_03,1,0,0,0,0,0,0
50042,武器4-绿,6,0,0,0,1,0,0,0,0,0,0,LC_EQUIP_Equip_Weapon_4,LC_EQUIP_Equip_Weapon_4,LC_EQUIP_Equip_Weapon_4,icon_equip_weapon_03,2,0,0,0,0,0,0
50043,武器4-蓝,6,0,0,0,1,0,0,0,0,0,0,LC_EQUIP_Equip_Weapon_4,LC_EQUIP_Equip_Weapon_4,LC_EQUIP_Equip_Weapon_4,icon_equip_weapon_03,3,0,0,0,0,0,0
50044,武器4-紫,6,0,0,0,1,0,0,0,0,0,0,LC_EQUIP_Equip_Weapon_4,LC_EQUIP_Equip_Weapon_4,LC_EQUIP_Equip_Weapon_4,icon_equip_weapon_03,4,0,0,0,0,0,0
50045,武器4-金,6,0,0,0,1,0,0,0,0,0,0,LC_EQUIP_Equip_Weapon_4,LC_EQUIP_Equip_Weapon_4,LC_EQUIP_Equip_Weapon_4,icon_equip_weapon_03,5,0,0,0,0,0,0
50051,武器5-白,6,0,0,0,1,0,0,0,0,0,0,LC_EQUIP_Equip_Weapon_5,LC_EQUIP_Equip_Weapon_5,LC_EQUIP_Equip_Weapon_5,icon_equip_weapon_03,1,0,0,0,0,0,0
50052,武器5-绿,6,0,0,0,1,0,0,0,0,0,0,LC_EQUIP_Equip_Weapon_5,LC_EQUIP_Equip_Weapon_5,LC_EQUIP_Equip_Weapon_5,icon_equip_weapon_03,2,0,0,0,0,0,0
50053,武器5-蓝,6,0,0,0,1,0,0,0,0,0,0,LC_EQUIP_Equip_Weapon_5,LC_EQUIP_Equip_Weapon_5,LC_EQUIP_Equip_Weapon_5,icon_equip_weapon_03,3,0,0,0,0,0,0
50054,武器5-紫,6,0,0,0,1,0,0,0,0,0,0,LC_EQUIP_Equip_Weapon_5,LC_EQUIP_Equip_Weapon_5,LC_EQUIP_Equip_Weapon_5,icon_equip_weapon_03,4,0,0,0,0,0,0
50055,武器5-金,6,0,0,0,1,0,0,0,0,0,0,LC_EQUIP_Equip_Weapon_5,LC_EQUIP_Equip_Weapon_5,LC_EQUIP_Equip_Weapon_5,icon_equip_weapon_03,5,0,0,0,0,0,0
50061,武器6-白,6,0,0,0,1,0,0,0,0,0,0,LC_EQUIP_Equip_Weapon_6,LC_EQUIP_Equip_Weapon_6,LC_EQUIP_Equip_Weapon_6,icon_equip_weapon_03,1,0,0,0,0,0,0
50062,武器6-绿,6,0,0,0,1,0,0,0,0,0,0,LC_EQUIP_Equip_Weapon_6,LC_EQUIP_Equip_Weapon_6,LC_EQUIP_Equip_Weapon_6,icon_equip_weapon_03,2,0,0,0,0,0,0
50063,武器6-蓝,6,0,0,0,1,0,0,0,0,0,0,LC_EQUIP_Equip_Weapon_6,LC_EQUIP_Equip_Weapon_6,LC_EQUIP_Equip_Weapon_6,icon_equip_weapon_03,3,0,0,0,0,0,0
50064,武器6-紫,6,0,0,0,1,0,0,0,0,0,0,LC_EQUIP_Equip_Weapon_6,LC_EQUIP_Equip_Weapon_6,LC_EQUIP_Equip_Weapon_6,icon_equip_weapon_03,4,0,0,0,0,0,0
50065,武器6-金,6,0,0,0,1,0,0,0,0,0,0,LC_EQUIP_Equip_Weapon_6,LC_EQUIP_Equip_Weapon_6,LC_EQUIP_Equip_Weapon_6,icon_equip_weapon_03,5,0,0,0,0,0,0
50071,武器7-白,6,0,0,0,1,0,0,0,0,0,0,LC_EQUIP_Equip_Weapon_7,LC_EQUIP_Equip_Weapon_7,LC_EQUIP_Equip_Weapon_7,icon_equip_weapon_03,1,0,0,0,0,0,0
50072,武器7-绿,6,0,0,0,1,0,0,0,0,0,0,LC_EQUIP_Equip_Weapon_7,LC_EQUIP_Equip_Weapon_7,LC_EQUIP_Equip_Weapon_7,icon_equip_weapon_03,2,0,0,0,0,0,0
50073,武器7-蓝,6,0,0,0,1,0,0,0,0,0,0,LC_EQUIP_Equip_Weapon_7,LC_EQUIP_Equip_Weapon_7,LC_EQUIP_Equip_Weapon_7,icon_equip_weapon_03,3,0,0,0,0,0,0
50074,武器7-紫,6,0,0,0,1,0,0,0,0,0,0,LC_EQUIP_Equip_Weapon_7,LC_EQUIP_Equip_Weapon_7,LC_EQUIP_Equip_Weapon_7,icon_equip_weapon_03,4,0,0,0,0,0,0
50075,武器7-金,6,0,0,0,1,0,0,0,0,0,0,LC_EQUIP_Equip_Weapon_7,LC_EQUIP_Equip_Weapon_7,LC_EQUIP_Equip_Weapon_7,icon_equip_weapon_03,5,0,0,0,0,0,0
50081,武器8-白,6,0,0,0,1,0,0,0,0,0,0,LC_EQUIP_Equip_Weapon_8,LC_EQUIP_Equip_Weapon_8,LC_EQUIP_Equip_Weapon_8,icon_equip_weapon_03,1,0,0,0,0,0,0
50082,武器8-绿,6,0,0,0,1,0,0,0,0,0,0,LC_EQUIP_Equip_Weapon_8,LC_EQUIP_Equip_Weapon_8,LC_EQUIP_Equip_Weapon_8,icon_equip_weapon_03,2,0,0,0,0,0,0
50083,武器8-蓝,6,0,0,0,1,0,0,0,0,0,0,LC_EQUIP_Equip_Weapon_8,LC_EQUIP_Equip_Weapon_8,LC_EQUIP_Equip_Weapon_8,icon_equip_weapon_03,3,0,0,0,0,0,0
50084,武器8-紫,6,0,0,0,1,0,0,0,0,0,0,LC_EQUIP_Equip_Weapon_8,LC_EQUIP_Equip_Weapon_8,LC_EQUIP_Equip_Weapon_8,icon_equip_weapon_03,4,0,0,0,0,0,0
50085,武器8-金,6,0,0,0,1,0,0,0,0,0,0,LC_EQUIP_Equip_Weapon_8,LC_EQUIP_Equip_Weapon_8,LC_EQUIP_Equip_Weapon_8,icon_equip_weapon_03,5,0,0,0,0,0,0
50091,武器9-白,6,0,0,0,1,0,0,0,0,0,0,LC_EQUIP_Equip_Weapon_9,LC_EQUIP_Equip_Weapon_9,LC_EQUIP_Equip_Weapon_9,icon_equip_weapon_03,1,0,0,0,0,0,0
50092,武器9-绿,6,0,0,0,1,0,0,0,0,0,0,LC_EQUIP_Equip_Weapon_9,LC_EQUIP_Equip_Weapon_9,LC_EQUIP_Equip_Weapon_9,icon_equip_weapon_03,2,0,0,0,0,0,0
50093,武器9-蓝,6,0,0,0,1,0,0,0,0,0,0,LC_EQUIP_Equip_Weapon_9,LC_EQUIP_Equip_Weapon_9,LC_EQUIP_Equip_Weapon_9,icon_equip_weapon_03,3,0,0,0,0,0,0
50094,武器9-紫,6,0,0,0,1,0,0,0,0,0,0,LC_EQUIP_Equip_Weapon_9,LC_EQUIP_Equip_Weapon_9,LC_EQUIP_Equip_Weapon_9,icon_equip_weapon_03,4,0,0,0,0,0,0
50095,武器9-金,6,0,0,0,1,0,0,0,0,0,0,LC_EQUIP_Equip_Weapon_9,LC_EQUIP_Equip_Weapon_9,LC_EQUIP_Equip_Weapon_9,icon_equip_weapon_03,5,0,0,0,0,0,0
50101,武器10-白,6,0,0,0,1,0,0,0,0,0,0,LC_EQUIP_Equip_Weapon_10,LC_EQUIP_Equip_Weapon_10,LC_EQUIP_Equip_Weapon_10,icon_equip_weapon_03,1,0,0,0,0,0,0
50102,武器10-绿,6,0,0,0,1,0,0,0,0,0,0,LC_EQUIP_Equip_Weapon_10,LC_EQUIP_Equip_Weapon_10,LC_EQUIP_Equip_Weapon_10,icon_equip_weapon_03,2,0,0,0,0,0,0
50103,武器10-蓝,6,0,0,0,1,0,0,0,0,0,0,LC_EQUIP_Equip_Weapon_10,LC_EQUIP_Equip_Weapon_10,LC_EQUIP_Equip_Weapon_10,icon_equip_weapon_03,3,0,0,0,0,0,0
50104,武器10-紫,6,0,0,0,1,0,0,0,0,0,0,LC_EQUIP_Equip_Weapon_10,LC_EQUIP_Equip_Weapon_10,LC_EQUIP_Equip_Weapon_10,icon_equip_weapon_03,4,0,0,0,0,0,0
50105,武器10-金,6,0,0,0,1,0,0,0,0,0,0,LC_EQUIP_Equip_Weapon_10,LC_EQUIP_Equip_Weapon_10,LC_EQUIP_Equip_Weapon_10,icon_equip_weapon_03,5,0,0,0,0,0,0
50111,武器11-白,6,0,0,0,1,0,0,0,0,0,0,LC_EQUIP_Equip_Weapon_11,LC_EQUIP_Equip_Weapon_11,LC_EQUIP_Equip_Weapon_11,icon_equip_weapon_03,1,0,0,0,0,0,0
50112,武器11-绿,6,0,0,0,1,0,0,0,0,0,0,LC_EQUIP_Equip_Weapon_11,LC_EQUIP_Equip_Weapon_11,LC_EQUIP_Equip_Weapon_11,icon_equip_weapon_03,2,0,0,0,0,0,0
50113,武器11-蓝,6,0,0,0,1,0,0,0,0,0,0,LC_EQUIP_Equip_Weapon_11,LC_EQUIP_Equip_Weapon_11,LC_EQUIP_Equip_Weapon_11,icon_equip_weapon_03,3,0,0,0,0,0,0
50114,武器11-紫,6,0,0,0,1,0,0,0,0,0,0,LC_EQUIP_Equip_Weapon_11,LC_EQUIP_Equip_Weapon_11,LC_EQUIP_Equip_Weapon_11,icon_equip_weapon_03,4,0,0,0,0,0,0
50115,武器11-金,6,0,0,0,1,0,0,0,0,0,0,LC_EQUIP_Equip_Weapon_11,LC_EQUIP_Equip_Weapon_11,LC_EQUIP_Equip_Weapon_11,icon_equip_weapon_03,5,0,0,0,0,0,0
50121,武器12-白,6,0,0,0,1,0,0,0,0,0,0,LC_EQUIP_Equip_Weapon_12,LC_EQUIP_Equip_Weapon_12,LC_EQUIP_Equip_Weapon_12,icon_equip_weapon_03,1,0,0,0,0,0,0
50122,武器12-绿,6,0,0,0,1,0,0,0,0,0,0,LC_EQUIP_Equip_Weapon_12,LC_EQUIP_Equip_Weapon_12,LC_EQUIP_Equip_Weapon_12,icon_equip_weapon_03,2,0,0,0,0,0,0
50123,武器12-蓝,6,0,0,0,1,0,0,0,0,0,0,LC_EQUIP_Equip_Weapon_12,LC_EQUIP_Equip_Weapon_12,LC_EQUIP_Equip_Weapon_12,icon_equip_weapon_03,3,0,0,0,0,0,0
50124,武器12-紫,6,0,0,0,1,0,0,0,0,0,0,LC_EQUIP_Equip_Weapon_12,LC_EQUIP_Equip_Weapon_12,LC_EQUIP_Equip_Weapon_12,icon_equip_weapon_03,4,0,0,0,0,0,0
50125,武器12-金,6,0,0,0,1,0,0,0,0,0,0,LC_EQUIP_Equip_Weapon_12,LC_EQUIP_Equip_Weapon_12,LC_EQUIP_Equip_Weapon_12,icon_equip_weapon_03,5,0,0,0,0,0,0
50131,头部1-白,6,0,0,0,1,0,0,0,0,0,0,LC_EQUIP_Equip_Helmet_1,LC_EQUIP_Equip_Helmet_1,LC_EQUIP_Equip_Helmet_1,icon_equip_weapon_03,1,0,0,0,0,0,0
50132,头部1-绿,6,0,0,0,1,0,0,0,0,0,0,LC_EQUIP_Equip_Helmet_1,LC_EQUIP_Equip_Helmet_1,LC_EQUIP_Equip_Helmet_1,icon_equip_weapon_03,2,0,0,0,0,0,0
50133,头部1-蓝,6,0,0,0,1,0,0,0,0,0,0,LC_EQUIP_Equip_Helmet_1,LC_EQUIP_Equip_Helmet_1,LC_EQUIP_Equip_Helmet_1,icon_equip_weapon_03,3,0,0,0,0,0,0
50134,头部1-紫,6,0,0,0,1,0,0,0,0,0,0,LC_EQUIP_Equip_Helmet_1,LC_EQUIP_Equip_Helmet_1,LC_EQUIP_Equip_Helmet_1,icon_equip_weapon_03,4,0,0,0,0,0,0
50135,头部1-金,6,0,0,0,1,0,0,0,0,0,0,LC_EQUIP_Equip_Helmet_1,LC_EQUIP_Equip_Helmet_1,LC_EQUIP_Equip_Helmet_1,icon_equip_weapon_03,5,0,0,0,0,0,0
50141,头部2-白,6,0,0,0,1,0,0,0,0,0,0,LC_EQUIP_Equip_Helmet_2,LC_EQUIP_Equip_Helmet_2,LC_EQUIP_Equip_Helmet_2,icon_equip_weapon_03,1,0,0,0,0,0,0
50142,头部2-绿,6,0,0,0,1,0,0,0,0,0,0,LC_EQUIP_Equip_Helmet_2,LC_EQUIP_Equip_Helmet_2,LC_EQUIP_Equip_Helmet_2,icon_equip_weapon_03,2,0,0,0,0,0,0
50143,头部2-蓝,6,0,0,0,1,0,0,0,0,0,0,LC_EQUIP_Equip_Helmet_2,LC_EQUIP_Equip_Helmet_2,LC_EQUIP_Equip_Helmet_2,icon_equip_weapon_03,3,0,0,0,0,0,0
50144,头部2-紫,6,0,0,0,1,0,0,0,0,0,0,LC_EQUIP_Equip_Helmet_2,LC_EQUIP_Equip_Helmet_2,LC_EQUIP_Equip_Helmet_2,icon_equip_weapon_03,4,0,0,0,0,0,0
50145,头部2-金,6,0,0,0,1,0,0,0,0,0,0,LC_EQUIP_Equip_Helmet_2,LC_EQUIP_Equip_Helmet_2,LC_EQUIP_Equip_Helmet_2,icon_equip_weapon_03,5,0,0,0,0,0,0
50151,头部3-白,6,0,0,0,1,0,0,0,0,0,0,LC_EQUIP_Equip_Helmet_3,LC_EQUIP_Equip_Helmet_3,LC_EQUIP_Equip_Helmet_3,icon_equip_weapon_03,1,0,0,0,0,0,0
50152,头部3-绿,6,0,0,0,1,0,0,0,0,0,0,LC_EQUIP_Equip_Helmet_3,LC_EQUIP_Equip_Helmet_3,LC_EQUIP_Equip_Helmet_3,icon_equip_weapon_03,2,0,0,0,0,0,0
50153,头部3-蓝,6,0,0,0,1,0,0,0,0,0,0,LC_EQUIP_Equip_Helmet_3,LC_EQUIP_Equip_Helmet_3,LC_EQUIP_Equip_Helmet_3,icon_equip_weapon_03,3,0,0,0,0,0,0
50154,头部3-紫,6,0,0,0,1,0,0,0,0,0,0,LC_EQUIP_Equip_Helmet_3,LC_EQUIP_Equip_Helmet_3,LC_EQUIP_Equip_Helmet_3,icon_equip_weapon_03,4,0,0,0,0,0,0
50155,头部3-金,6,0,0,0,1,0,0,0,0,0,0,LC_EQUIP_Equip_Helmet_3,LC_EQUIP_Equip_Helmet_3,LC_EQUIP_Equip_Helmet_3,icon_equip_weapon_03,5,0,0,0,0,0,0
50161,头部4-白,6,0,0,0,1,0,0,0,0,0,0,LC_EQUIP_Equip_Helmet_4,LC_EQUIP_Equip_Helmet_4,LC_EQUIP_Equip_Helmet_4,icon_equip_weapon_03,1,0,0,0,0,0,0
50162,头部4-绿,6,0,0,0,1,0,0,0,0,0,0,LC_EQUIP_Equip_Helmet_4,LC_EQUIP_Equip_Helmet_4,LC_EQUIP_Equip_Helmet_4,icon_equip_weapon_03,2,0,0,0,0,0,0
50163,头部4-蓝,6,0,0,0,1,0,0,0,0,0,0,LC_EQUIP_Equip_Helmet_4,LC_EQUIP_Equip_Helmet_4,LC_EQUIP_Equip_Helmet_4,icon_equip_weapon_03,3,0,0,0,0,0,0
50164,头部4-紫,6,0,0,0,1,0,0,0,0,0,0,LC_EQUIP_Equip_Helmet_4,LC_EQUIP_Equip_Helmet_4,LC_EQUIP_Equip_Helmet_4,icon_equip_weapon_03,4,0,0,0,0,0,0
50165,头部4-金,6,0,0,0,1,0,0,0,0,0,0,LC_EQUIP_Equip_Helmet_4,LC_EQUIP_Equip_Helmet_4,LC_EQUIP_Equip_Helmet_4,icon_equip_weapon_03,5,0,0,0,0,0,0
50171,头部5-白,6,0,0,0,1,0,0,0,0,0,0,LC_EQUIP_Equip_Helmet_5,LC_EQUIP_Equip_Helmet_5,LC_EQUIP_Equip_Helmet_5,icon_equip_weapon_03,1,0,0,0,0,0,0
50172,头部5-绿,6,0,0,0,1,0,0,0,0,0,0,LC_EQUIP_Equip_Helmet_5,LC_EQUIP_Equip_Helmet_5,LC_EQUIP_Equip_Helmet_5,icon_equip_weapon_03,2,0,0,0,0,0,0
50173,头部5-蓝,6,0,0,0,1,0,0,0,0,0,0,LC_EQUIP_Equip_Helmet_5,LC_EQUIP_Equip_Helmet_5,LC_EQUIP_Equip_Helmet_5,icon_equip_weapon_03,3,0,0,0,0,0,0
50174,头部5-紫,6,0,0,0,1,0,0,0,0,0,0,LC_EQUIP_Equip_Helmet_5,LC_EQUIP_Equip_Helmet_5,LC_EQUIP_Equip_Helmet_5,icon_equip_weapon_03,4,0,0,0,0,0,0
50175,头部5-金,6,0,0,0,1,0,0,0,0,0,0,LC_EQUIP_Equip_Helmet_5,LC_EQUIP_Equip_Helmet_5,LC_EQUIP_Equip_Helmet_5,icon_equip_weapon_03,5,0,0,0,0,0,0
50181,头部6-白,6,0,0,0,1,0,0,0,0,0,0,LC_EQUIP_Equip_Helmet_6,LC_EQUIP_Equip_Helmet_6,LC_EQUIP_Equip_Helmet_6,icon_equip_weapon_03,1,0,0,0,0,0,0
50182,头部6-绿,6,0,0,0,1,0,0,0,0,0,0,LC_EQUIP_Equip_Helmet_6,LC_EQUIP_Equip_Helmet_6,LC_EQUIP_Equip_Helmet_6,icon_equip_weapon_03,2,0,0,0,0,0,0
50183,头部6-蓝,6,0,0,0,1,0,0,0,0,0,0,LC_EQUIP_Equip_Helmet_6,LC_EQUIP_Equip_Helmet_6,LC_EQUIP_Equip_Helmet_6,icon_equip_weapon_03,3,0,0,0,0,0,0
50184,头部6-紫,6,0,0,0,1,0,0,0,0,0,0,LC_EQUIP_Equip_Helmet_6,LC_EQUIP_Equip_Helmet_6,LC_EQUIP_Equip_Helmet_6,icon_equip_weapon_03,4,0,0,0,0,0,0
50185,头部6-金,6,0,0,0,1,0,0,0,0,0,0,LC_EQUIP_Equip_Helmet_6,LC_EQUIP_Equip_Helmet_6,LC_EQUIP_Equip_Helmet_6,icon_equip_weapon_03,5,0,0,0,0,0,0
50191,头部7-白,6,0,0,0,1,0,0,0,0,0,0,LC_EQUIP_Equip_Helmet_7,LC_EQUIP_Equip_Helmet_7,LC_EQUIP_Equip_Helmet_7,icon_equip_weapon_03,1,0,0,0,0,0,0
50192,头部7-绿,6,0,0,0,1,0,0,0,0,0,0,LC_EQUIP_Equip_Helmet_7,LC_EQUIP_Equip_Helmet_7,LC_EQUIP_Equip_Helmet_7,icon_equip_weapon_03,2,0,0,0,0,0,0
50193,头部7-蓝,6,0,0,0,1,0,0,0,0,0,0,LC_EQUIP_Equip_Helmet_7,LC_EQUIP_Equip_Helmet_7,LC_EQUIP_Equip_Helmet_7,icon_equip_weapon_03,3,0,0,0,0,0,0
50194,头部7-紫,6,0,0,0,1,0,0,0,0,0,0,LC_EQUIP_Equip_Helmet_7,LC_EQUIP_Equip_Helmet_7,LC_EQUIP_Equip_Helmet_7,icon_equip_weapon_03,4,0,0,0,0,0,0
50195,头部7-金,6,0,0,0,1,0,0,0,0,0,0,LC_EQUIP_Equip_Helmet_7,LC_EQUIP_Equip_Helmet_7,LC_EQUIP_Equip_Helmet_7,icon_equip_weapon_03,5,0,0,0,0,0,0
50201,头部8-白,6,0,0,0,1,0,0,0,0,0,0,LC_EQUIP_Equip_Helmet_8,LC_EQUIP_Equip_Helmet_8,LC_EQUIP_Equip_Helmet_8,icon_equip_weapon_03,1,0,0,0,0,0,0
50202,头部8-绿,6,0,0,0,1,0,0,0,0,0,0,LC_EQUIP_Equip_Helmet_8,LC_EQUIP_Equip_Helmet_8,LC_EQUIP_Equip_Helmet_8,icon_equip_weapon_03,2,0,0,0,0,0,0
50203,头部8-蓝,6,0,0,0,1,0,0,0,0,0,0,LC_EQUIP_Equip_Helmet_8,LC_EQUIP_Equip_Helmet_8,LC_EQUIP_Equip_Helmet_8,icon_equip_weapon_03,3,0,0,0,0,0,0
50204,头部8-紫,6,0,0,0,1,0,0,0,0,0,0,LC_EQUIP_Equip_Helmet_8,LC_EQUIP_Equip_Helmet_8,LC_EQUIP_Equip_Helmet_8,icon_equip_weapon_03,4,0,0,0,0,0,0
50205,头部8-金,6,0,0,0,1,0,0,0,0,0,0,LC_EQUIP_Equip_Helmet_8,LC_EQUIP_Equip_Helmet_8,LC_EQUIP_Equip_Helmet_8,icon_equip_weapon_03,5,0,0,0,0,0,0
50211,头部9-白,6,0,0,0,1,0,0,0,0,0,0,LC_EQUIP_Equip_Helmet_9,LC_EQUIP_Equip_Helmet_9,LC_EQUIP_Equip_Helmet_9,icon_equip_weapon_03,1,0,0,0,0,0,0
50212,头部9-绿,6,0,0,0,1,0,0,0,0,0,0,LC_EQUIP_Equip_Helmet_9,LC_EQUIP_Equip_Helmet_9,LC_EQUIP_Equip_Helmet_9,icon_equip_weapon_03,2,0,0,0,0,0,0
50213,头部9-蓝,6,0,0,0,1,0,0,0,0,0,0,LC_EQUIP_Equip_Helmet_9,LC_EQUIP_Equip_Helmet_9,LC_EQUIP_Equip_Helmet_9,icon_equip_weapon_03,3,0,0,0,0,0,0
50214,头部9-紫,6,0,0,0,1,0,0,0,0,0,0,LC_EQUIP_Equip_Helmet_9,LC_EQUIP_Equip_Helmet_9,LC_EQUIP_Equip_Helmet_9,icon_equip_weapon_03,4,0,0,0,0,0,0
50215,头部9-金,6,0,0,0,1,0,0,0,0,0,0,LC_EQUIP_Equip_Helmet_9,LC_EQUIP_Equip_Helmet_9,LC_EQUIP_Equip_Helmet_9,icon_equip_weapon_03,5,0,0,0,0,0,0
50221,头部10-白,6,0,0,0,1,0,0,0,0,0,0,LC_EQUIP_Equip_Helmet_10,LC_EQUIP_Equip_Helmet_10,LC_EQUIP_Equip_Helmet_10,icon_equip_weapon_03,1,0,0,0,0,0,0
50222,头部10-绿,6,0,0,0,1,0,0,0,0,0,0,LC_EQUIP_Equip_Helmet_10,LC_EQUIP_Equip_Helmet_10,LC_EQUIP_Equip_Helmet_10,icon_equip_weapon_03,2,0,0,0,0,0,0
50223,头部10-蓝,6,0,0,0,1,0,0,0,0,0,0,LC_EQUIP_Equip_Helmet_10,LC_EQUIP_Equip_Helmet_10,LC_EQUIP_Equip_Helmet_10,icon_equip_weapon_03,3,0,0,0,0,0,0
50224,头部10-紫,6,0,0,0,1,0,0,0,0,0,0,LC_EQUIP_Equip_Helmet_10,LC_EQUIP_Equip_Helmet_10,LC_EQUIP_Equip_Helmet_10,icon_equip_weapon_03,4,0,0,0,0,0,0
50225,头部10-金,6,0,0,0,1,0,0,0,0,0,0,LC_EQUIP_Equip_Helmet_10,LC_EQUIP_Equip_Helmet_10,LC_EQUIP_Equip_Helmet_10,icon_equip_weapon_03,5,0,0,0,0,0,0
50231,衣服1-白,6,0,0,0,1,0,0,0,0,0,0,LC_EQUIP_Equip_Armor_1,LC_EQUIP_Equip_Armor_1,LC_EQUIP_Equip_Armor_1,icon_equip_weapon_03,1,0,0,0,0,0,0
50232,衣服1-绿,6,0,0,0,1,0,0,0,0,0,0,LC_EQUIP_Equip_Armor_1,LC_EQUIP_Equip_Armor_1,LC_EQUIP_Equip_Armor_1,icon_equip_weapon_03,2,0,0,0,0,0,0
50233,衣服1-蓝,6,0,0,0,1,0,0,0,0,0,0,LC_EQUIP_Equip_Armor_1,LC_EQUIP_Equip_Armor_1,LC_EQUIP_Equip_Armor_1,icon_equip_weapon_03,3,0,0,0,0,0,0
50234,衣服1-紫,6,0,0,0,1,0,0,0,0,0,0,LC_EQUIP_Equip_Armor_1,LC_EQUIP_Equip_Armor_1,LC_EQUIP_Equip_Armor_1,icon_equip_weapon_03,4,0,0,0,0,0,0
50235,衣服1-金,6,0,0,0,1,0,0,0,0,0,0,LC_EQUIP_Equip_Armor_1,LC_EQUIP_Equip_Armor_1,LC_EQUIP_Equip_Armor_1,icon_equip_weapon_03,5,0,0,0,0,0,0
50241,衣服2-白,6,0,0,0,1,0,0,0,0,0,0,LC_EQUIP_Equip_Armor_2,LC_EQUIP_Equip_Armor_2,LC_EQUIP_Equip_Armor_2,icon_equip_weapon_03,1,0,0,0,0,0,0
50242,衣服2-绿,6,0,0,0,1,0,0,0,0,0,0,LC_EQUIP_Equip_Armor_2,LC_EQUIP_Equip_Armor_2,LC_EQUIP_Equip_Armor_2,icon_equip_weapon_03,2,0,0,0,0,0,0
50243,衣服2-蓝,6,0,0,0,1,0,0,0,0,0,0,LC_EQUIP_Equip_Armor_2,LC_EQUIP_Equip_Armor_2,LC_EQUIP_Equip_Armor_2,icon_equip_weapon_03,3,0,0,0,0,0,0
50244,衣服2-紫,6,0,0,0,1,0,0,0,0,0,0,LC_EQUIP_Equip_Armor_2,LC_EQUIP_Equip_Armor_2,LC_EQUIP_Equip_Armor_2,icon_equip_weapon_03,4,0,0,0,0,0,0
50245,衣服2-金,6,0,0,0,1,0,0,0,0,0,0,LC_EQUIP_Equip_Armor_2,LC_EQUIP_Equip_Armor_2,LC_EQUIP_Equip_Armor_2,icon_equip_weapon_03,5,0,0,0,0,0,0
50251,衣服3-白,6,0,0,0,1,0,0,0,0,0,0,LC_EQUIP_Equip_Armor_3,LC_EQUIP_Equip_Armor_3,LC_EQUIP_Equip_Armor_3,icon_equip_weapon_03,1,0,0,0,0,0,0
50252,衣服3-绿,6,0,0,0,1,0,0,0,0,0,0,LC_EQUIP_Equip_Armor_3,LC_EQUIP_Equip_Armor_3,LC_EQUIP_Equip_Armor_3,icon_equip_weapon_03,2,0,0,0,0,0,0
50253,衣服3-蓝,6,0,0,0,1,0,0,0,0,0,0,LC_EQUIP_Equip_Armor_3,LC_EQUIP_Equip_Armor_3,LC_EQUIP_Equip_Armor_3,icon_equip_weapon_03,3,0,0,0,0,0,0
50254,衣服3-紫,6,0,0,0,1,0,0,0,0,0,0,LC_EQUIP_Equip_Armor_3,LC_EQUIP_Equip_Armor_3,LC_EQUIP_Equip_Armor_3,icon_equip_weapon_03,4,0,0,0,0,0,0
50255,衣服3-金,6,0,0,0,1,0,0,0,0,0,0,LC_EQUIP_Equip_Armor_3,LC_EQUIP_Equip_Armor_3,LC_EQUIP_Equip_Armor_3,icon_equip_weapon_03,5,0,0,0,0,0,0
50261,衣服4-白,6,0,0,0,1,0,0,0,0,0,0,LC_EQUIP_Equip_Armor_4,LC_EQUIP_Equip_Armor_4,LC_EQUIP_Equip_Armor_4,icon_equip_weapon_03,1,0,0,0,0,0,0
50262,衣服4-绿,6,0,0,0,1,0,0,0,0,0,0,LC_EQUIP_Equip_Armor_4,LC_EQUIP_Equip_Armor_4,LC_EQUIP_Equip_Armor_4,icon_equip_weapon_03,2,0,0,0,0,0,0
50263,衣服4-蓝,6,0,0,0,1,0,0,0,0,0,0,LC_EQUIP_Equip_Armor_4,LC_EQUIP_Equip_Armor_4,LC_EQUIP_Equip_Armor_4,icon_equip_weapon_03,3,0,0,0,0,0,0
50264,衣服4-紫,6,0,0,0,1,0,0,0,0,0,0,LC_EQUIP_Equip_Armor_4,LC_EQUIP_Equip_Armor_4,LC_EQUIP_Equip_Armor_4,icon_equip_weapon_03,4,0,0,0,0,0,0
50265,衣服4-金,6,0,0,0,1,0,0,0,0,0,0,LC_EQUIP_Equip_Armor_4,LC_EQUIP_Equip_Armor_4,LC_EQUIP_Equip_Armor_4,icon_equip_weapon_03,5,0,0,0,0,0,0
50271,衣服5-白,6,0,0,0,1,0,0,0,0,0,0,LC_EQUIP_Equip_Armor_5,LC_EQUIP_Equip_Armor_5,LC_EQUIP_Equip_Armor_5,icon_equip_weapon_03,1,0,0,0,0,0,0
50272,衣服5-绿,6,0,0,0,1,0,0,0,0,0,0,LC_EQUIP_Equip_Armor_5,LC_EQUIP_Equip_Armor_5,LC_EQUIP_Equip_Armor_5,icon_equip_weapon_03,2,0,0,0,0,0,0
50273,衣服5-蓝,6,0,0,0,1,0,0,0,0,0,0,LC_EQUIP_Equip_Armor_5,LC_EQUIP_Equip_Armor_5,LC_EQUIP_Equip_Armor_5,icon_equip_weapon_03,3,0,0,0,0,0,0
50274,衣服5-紫,6,0,0,0,1,0,0,0,0,0,0,LC_EQUIP_Equip_Armor_5,LC_EQUIP_Equip_Armor_5,LC_EQUIP_Equip_Armor_5,icon_equip_weapon_03,4,0,0,0,0,0,0
50275,衣服5-金,6,0,0,0,1,0,0,0,0,0,0,LC_EQUIP_Equip_Armor_5,LC_EQUIP_Equip_Armor_5,LC_EQUIP_Equip_Armor_5,icon_equip_weapon_03,5,0,0,0,0,0,0
50281,衣服6-白,6,0,0,0,1,0,0,0,0,0,0,LC_EQUIP_Equip_Armor_6,LC_EQUIP_Equip_Armor_6,LC_EQUIP_Equip_Armor_6,icon_equip_weapon_03,1,0,0,0,0,0,0
50282,衣服6-绿,6,0,0,0,1,0,0,0,0,0,0,LC_EQUIP_Equip_Armor_6,LC_EQUIP_Equip_Armor_6,LC_EQUIP_Equip_Armor_6,icon_equip_weapon_03,2,0,0,0,0,0,0
50283,衣服6-蓝,6,0,0,0,1,0,0,0,0,0,0,LC_EQUIP_Equip_Armor_6,LC_EQUIP_Equip_Armor_6,LC_EQUIP_Equip_Armor_6,icon_equip_weapon_03,3,0,0,0,0,0,0
50284,衣服6-紫,6,0,0,0,1,0,0,0,0,0,0,LC_EQUIP_Equip_Armor_6,LC_EQUIP_Equip_Armor_6,LC_EQUIP_Equip_Armor_6,icon_equip_weapon_03,4,0,0,0,0,0,0
50285,衣服6-金,6,0,0,0,1,0,0,0,0,0,0,LC_EQUIP_Equip_Armor_6,LC_EQUIP_Equip_Armor_6,LC_EQUIP_Equip_Armor_6,icon_equip_weapon_03,5,0,0,0,0,0,0
50291,衣服7-白,6,0,0,0,1,0,0,0,0,0,0,LC_EQUIP_Equip_Armor_7,LC_EQUIP_Equip_Armor_7,LC_EQUIP_Equip_Armor_7,icon_equip_weapon_03,1,0,0,0,0,0,0
50292,衣服7-绿,6,0,0,0,1,0,0,0,0,0,0,LC_EQUIP_Equip_Armor_7,LC_EQUIP_Equip_Armor_7,LC_EQUIP_Equip_Armor_7,icon_equip_weapon_03,2,0,0,0,0,0,0
50293,衣服7-蓝,6,0,0,0,1,0,0,0,0,0,0,LC_EQUIP_Equip_Armor_7,LC_EQUIP_Equip_Armor_7,LC_EQUIP_Equip_Armor_7,icon_equip_weapon_03,3,0,0,0,0,0,0
50294,衣服7-紫,6,0,0,0,1,0,0,0,0,0,0,LC_EQUIP_Equip_Armor_7,LC_EQUIP_Equip_Armor_7,LC_EQUIP_Equip_Armor_7,icon_equip_weapon_03,4,0,0,0,0,0,0
50295,衣服7-金,6,0,0,0,1,0,0,0,0,0,0,LC_EQUIP_Equip_Armor_7,LC_EQUIP_Equip_Armor_7,LC_EQUIP_Equip_Armor_7,icon_equip_weapon_03,5,0,0,0,0,0,0
50301,衣服8-白,6,0,0,0,1,0,0,0,0,0,0,LC_EQUIP_Equip_Armor_8,LC_EQUIP_Equip_Armor_8,LC_EQUIP_Equip_Armor_8,icon_equip_weapon_03,1,0,0,0,0,0,0
50302,衣服8-绿,6,0,0,0,1,0,0,0,0,0,0,LC_EQUIP_Equip_Armor_8,LC_EQUIP_Equip_Armor_8,LC_EQUIP_Equip_Armor_8,icon_equip_weapon_03,2,0,0,0,0,0,0
50303,衣服8-蓝,6,0,0,0,1,0,0,0,0,0,0,LC_EQUIP_Equip_Armor_8,LC_EQUIP_Equip_Armor_8,LC_EQUIP_Equip_Armor_8,icon_equip_weapon_03,3,0,0,0,0,0,0
50304,衣服8-紫,6,0,0,0,1,0,0,0,0,0,0,LC_EQUIP_Equip_Armor_8,LC_EQUIP_Equip_Armor_8,LC_EQUIP_Equip_Armor_8,icon_equip_weapon_03,4,0,0,0,0,0,0
50305,衣服8-金,6,0,0,0,1,0,0,0,0,0,0,LC_EQUIP_Equip_Armor_8,LC_EQUIP_Equip_Armor_8,LC_EQUIP_Equip_Armor_8,icon_equip_weapon_03,5,0,0,0,0,0,0
50311,衣服9-白,6,0,0,0,1,0,0,0,0,0,0,LC_EQUIP_Equip_Armor_9,LC_EQUIP_Equip_Armor_9,LC_EQUIP_Equip_Armor_9,icon_equip_weapon_03,1,0,0,0,0,0,0
50312,衣服9-绿,6,0,0,0,1,0,0,0,0,0,0,LC_EQUIP_Equip_Armor_9,LC_EQUIP_Equip_Armor_9,LC_EQUIP_Equip_Armor_9,icon_equip_weapon_03,2,0,0,0,0,0,0
50313,衣服9-蓝,6,0,0,0,1,0,0,0,0,0,0,LC_EQUIP_Equip_Armor_9,LC_EQUIP_Equip_Armor_9,LC_EQUIP_Equip_Armor_9,icon_equip_weapon_03,3,0,0,0,0,0,0
50314,衣服9-紫,6,0,0,0,1,0,0,0,0,0,0,LC_EQUIP_Equip_Armor_9,LC_EQUIP_Equip_Armor_9,LC_EQUIP_Equip_Armor_9,icon_equip_weapon_03,4,0,0,0,0,0,0
50315,衣服9-金,6,0,0,0,1,0,0,0,0,0,0,LC_EQUIP_Equip_Armor_9,LC_EQUIP_Equip_Armor_9,LC_EQUIP_Equip_Armor_9,icon_equip_weapon_03,5,0,0,0,0,0,0
50321,衣服10-白,6,0,0,0,1,0,0,0,0,0,0,LC_EQUIP_Equip_Armor_10,LC_EQUIP_Equip_Armor_10,LC_EQUIP_Equip_Armor_10,icon_equip_weapon_03,1,0,0,0,0,0,0
50322,衣服10-绿,6,0,0,0,1,0,0,0,0,0,0,LC_EQUIP_Equip_Armor_10,LC_EQUIP_Equip_Armor_10,LC_EQUIP_Equip_Armor_10,icon_equip_weapon_03,2,0,0,0,0,0,0
50323,衣服10-蓝,6,0,0,0,1,0,0,0,0,0,0,LC_EQUIP_Equip_Armor_10,LC_EQUIP_Equip_Armor_10,LC_EQUIP_Equip_Armor_10,icon_equip_weapon_03,3,0,0,0,0,0,0
50324,衣服10-紫,6,0,0,0,1,0,0,0,0,0,0,LC_EQUIP_Equip_Armor_10,LC_EQUIP_Equip_Armor_10,LC_EQUIP_Equip_Armor_10,icon_equip_weapon_03,4,0,0,0,0,0,0
50325,衣服10-金,6,0,0,0,1,0,0,0,0,0,0,LC_EQUIP_Equip_Armor_10,LC_EQUIP_Equip_Armor_10,LC_EQUIP_Equip_Armor_10,icon_equip_weapon_03,5,0,0,0,0,0,0
50331,腿部1-白,6,0,0,0,1,0,0,0,0,0,0,LC_EQUIP_Equip_Leg_1,LC_EQUIP_Equip_Leg_1,LC_EQUIP_Equip_Leg_1,icon_equip_weapon_03,1,0,0,0,0,0,0
50332,腿部1-绿,6,0,0,0,1,0,0,0,0,0,0,LC_EQUIP_Equip_Leg_1,LC_EQUIP_Equip_Leg_1,LC_EQUIP_Equip_Leg_1,icon_equip_weapon_03,2,0,0,0,0,0,0
50333,腿部1-蓝,6,0,0,0,1,0,0,0,0,0,0,LC_EQUIP_Equip_Leg_1,LC_EQUIP_Equip_Leg_1,LC_EQUIP_Equip_Leg_1,icon_equip_weapon_03,3,0,0,0,0,0,0
50334,腿部1-紫,6,0,0,0,1,0,0,0,0,0,0,LC_EQUIP_Equip_Leg_1,LC_EQUIP_Equip_Leg_1,LC_EQUIP_Equip_Leg_1,icon_equip_weapon_03,4,0,0,0,0,0,0
50335,腿部1-金,6,0,0,0,1,0,0,0,0,0,0,LC_EQUIP_Equip_Leg_1,LC_EQUIP_Equip_Leg_1,LC_EQUIP_Equip_Leg_1,icon_equip_weapon_03,5,0,0,0,0,0,0
50341,腿部2-白,6,0,0,0,1,0,0,0,0,0,0,LC_EQUIP_Equip_Leg_2,LC_EQUIP_Equip_Leg_2,LC_EQUIP_Equip_Leg_2,icon_equip_weapon_03,1,0,0,0,0,0,0
50342,腿部2-绿,6,0,0,0,1,0,0,0,0,0,0,LC_EQUIP_Equip_Leg_2,LC_EQUIP_Equip_Leg_2,LC_EQUIP_Equip_Leg_2,icon_equip_weapon_03,2,0,0,0,0,0,0
50343,腿部2-蓝,6,0,0,0,1,0,0,0,0,0,0,LC_EQUIP_Equip_Leg_2,LC_EQUIP_Equip_Leg_2,LC_EQUIP_Equip_Leg_2,icon_equip_weapon_03,3,0,0,0,0,0,0
50344,腿部2-紫,6,0,0,0,1,0,0,0,0,0,0,LC_EQUIP_Equip_Leg_2,LC_EQUIP_Equip_Leg_2,LC_EQUIP_Equip_Leg_2,icon_equip_weapon_03,4,0,0,0,0,0,0
50345,腿部2-金,6,0,0,0,1,0,0,0,0,0,0,LC_EQUIP_Equip_Leg_2,LC_EQUIP_Equip_Leg_2,LC_EQUIP_Equip_Leg_2,icon_equip_weapon_03,5,0,0,0,0,0,0
50351,腿部3-白,6,0,0,0,1,0,0,0,0,0,0,LC_EQUIP_Equip_Leg_3,LC_EQUIP_Equip_Leg_3,LC_EQUIP_Equip_Leg_3,icon_equip_weapon_03,1,0,0,0,0,0,0
50352,腿部3-绿,6,0,0,0,1,0,0,0,0,0,0,LC_EQUIP_Equip_Leg_3,LC_EQUIP_Equip_Leg_3,LC_EQUIP_Equip_Leg_3,icon_equip_weapon_03,2,0,0,0,0,0,0
50353,腿部3-蓝,6,0,0,0,1,0,0,0,0,0,0,LC_EQUIP_Equip_Leg_3,LC_EQUIP_Equip_Leg_3,LC_EQUIP_Equip_Leg_3,icon_equip_weapon_03,3,0,0,0,0,0,0
50354,腿部3-紫,6,0,0,0,1,0,0,0,0,0,0,LC_EQUIP_Equip_Leg_3,LC_EQUIP_Equip_Leg_3,LC_EQUIP_Equip_Leg_3,icon_equip_weapon_03,4,0,0,0,0,0,0
50355,腿部3-金,6,0,0,0,1,0,0,0,0,0,0,LC_EQUIP_Equip_Leg_3,LC_EQUIP_Equip_Leg_3,LC_EQUIP_Equip_Leg_3,icon_equip_weapon_03,5,0,0,0,0,0,0
50361,腿部4-白,6,0,0,0,1,0,0,0,0,0,0,LC_EQUIP_Equip_Leg_4,LC_EQUIP_Equip_Leg_4,LC_EQUIP_Equip_Leg_4,icon_equip_weapon_03,1,0,0,0,0,0,0
50362,腿部4-绿,6,0,0,0,1,0,0,0,0,0,0,LC_EQUIP_Equip_Leg_4,LC_EQUIP_Equip_Leg_4,LC_EQUIP_Equip_Leg_4,icon_equip_weapon_03,2,0,0,0,0,0,0
50363,腿部4-蓝,6,0,0,0,1,0,0,0,0,0,0,LC_EQUIP_Equip_Leg_4,LC_EQUIP_Equip_Leg_4,LC_EQUIP_Equip_Leg_4,icon_equip_weapon_03,3,0,0,0,0,0,0
50364,腿部4-紫,6,0,0,0,1,0,0,0,0,0,0,LC_EQUIP_Equip_Leg_4,LC_EQUIP_Equip_Leg_4,LC_EQUIP_Equip_Leg_4,icon_equip_weapon_03,4,0,0,0,0,0,0
50365,腿部4-金,6,0,0,0,1,0,0,0,0,0,0,LC_EQUIP_Equip_Leg_4,LC_EQUIP_Equip_Leg_4,LC_EQUIP_Equip_Leg_4,icon_equip_weapon_03,5,0,0,0,0,0,0
50371,腿部5-白,6,0,0,0,1,0,0,0,0,0,0,LC_EQUIP_Equip_Leg_5,LC_EQUIP_Equip_Leg_5,LC_EQUIP_Equip_Leg_5,icon_equip_weapon_03,1,0,0,0,0,0,0
50372,腿部5-绿,6,0,0,0,1,0,0,0,0,0,0,LC_EQUIP_Equip_Leg_5,LC_EQUIP_Equip_Leg_5,LC_EQUIP_Equip_Leg_5,icon_equip_weapon_03,2,0,0,0,0,0,0
50373,腿部5-蓝,6,0,0,0,1,0,0,0,0,0,0,LC_EQUIP_Equip_Leg_5,LC_EQUIP_Equip_Leg_5,LC_EQUIP_Equip_Leg_5,icon_equip_weapon_03,3,0,0,0,0,0,0
50374,腿部5-紫,6,0,0,0,1,0,0,0,0,0,0,LC_EQUIP_Equip_Leg_5,LC_EQUIP_Equip_Leg_5,LC_EQUIP_Equip_Leg_5,icon_equip_weapon_03,4,0,0,0,0,0,0
50375,腿部5-金,6,0,0,0,1,0,0,0,0,0,0,LC_EQUIP_Equip_Leg_5,LC_EQUIP_Equip_Leg_5,LC_EQUIP_Equip_Leg_5,icon_equip_weapon_03,5,0,0,0,0,0,0
50381,腿部6-白,6,0,0,0,1,0,0,0,0,0,0,LC_EQUIP_Equip_Leg_6,LC_EQUIP_Equip_Leg_6,LC_EQUIP_Equip_Leg_6,icon_equip_weapon_03,1,0,0,0,0,0,0
50382,腿部6-绿,6,0,0,0,1,0,0,0,0,0,0,LC_EQUIP_Equip_Leg_6,LC_EQUIP_Equip_Leg_6,LC_EQUIP_Equip_Leg_6,icon_equip_weapon_03,2,0,0,0,0,0,0
50383,腿部6-蓝,6,0,0,0,1,0,0,0,0,0,0,LC_EQUIP_Equip_Leg_6,LC_EQUIP_Equip_Leg_6,LC_EQUIP_Equip_Leg_6,icon_equip_weapon_03,3,0,0,0,0,0,0
50384,腿部6-紫,6,0,0,0,1,0,0,0,0,0,0,LC_EQUIP_Equip_Leg_6,LC_EQUIP_Equip_Leg_6,LC_EQUIP_Equip_Leg_6,icon_equip_weapon_03,4,0,0,0,0,0,0
50385,腿部6-金,6,0,0,0,1,0,0,0,0,0,0,LC_EQUIP_Equip_Leg_6,LC_EQUIP_Equip_Leg_6,LC_EQUIP_Equip_Leg_6,icon_equip_weapon_03,5,0,0,0,0,0,0
50391,腿部7-白,6,0,0,0,1,0,0,0,0,0,0,LC_EQUIP_Equip_Leg_7,LC_EQUIP_Equip_Leg_7,LC_EQUIP_Equip_Leg_7,icon_equip_weapon_03,1,0,0,0,0,0,0
50392,腿部7-绿,6,0,0,0,1,0,0,0,0,0,0,LC_EQUIP_Equip_Leg_7,LC_EQUIP_Equip_Leg_7,LC_EQUIP_Equip_Leg_7,icon_equip_weapon_03,2,0,0,0,0,0,0
50393,腿部7-蓝,6,0,0,0,1,0,0,0,0,0,0,LC_EQUIP_Equip_Leg_7,LC_EQUIP_Equip_Leg_7,LC_EQUIP_Equip_Leg_7,icon_equip_weapon_03,3,0,0,0,0,0,0
50394,腿部7-紫,6,0,0,0,1,0,0,0,0,0,0,LC_EQUIP_Equip_Leg_7,LC_EQUIP_Equip_Leg_7,LC_EQUIP_Equip_Leg_7,icon_equip_weapon_03,4,0,0,0,0,0,0
50395,腿部7-金,6,0,0,0,1,0,0,0,0,0,0,LC_EQUIP_Equip_Leg_7,LC_EQUIP_Equip_Leg_7,LC_EQUIP_Equip_Leg_7,icon_equip_weapon_03,5,0,0,0,0,0,0
50401,腿部8-白,6,0,0,0,1,0,0,0,0,0,0,LC_EQUIP_Equip_Leg_8,LC_EQUIP_Equip_Leg_8,LC_EQUIP_Equip_Leg_8,icon_equip_weapon_03,1,0,0,0,0,0,0
50402,腿部8-绿,6,0,0,0,1,0,0,0,0,0,0,LC_EQUIP_Equip_Leg_8,LC_EQUIP_Equip_Leg_8,LC_EQUIP_Equip_Leg_8,icon_equip_weapon_03,2,0,0,0,0,0,0
50403,腿部8-蓝,6,0,0,0,1,0,0,0,0,0,0,LC_EQUIP_Equip_Leg_8,LC_EQUIP_Equip_Leg_8,LC_EQUIP_Equip_Leg_8,icon_equip_weapon_03,3,0,0,0,0,0,0
50404,腿部8-紫,6,0,0,0,1,0,0,0,0,0,0,LC_EQUIP_Equip_Leg_8,LC_EQUIP_Equip_Leg_8,LC_EQUIP_Equip_Leg_8,icon_equip_weapon_03,4,0,0,0,0,0,0
50405,腿部8-金,6,0,0,0,1,0,0,0,0,0,0,LC_EQUIP_Equip_Leg_8,LC_EQUIP_Equip_Leg_8,LC_EQUIP_Equip_Leg_8,icon_equip_weapon_03,5,0,0,0,0,0,0
50411,腿部9-白,6,0,0,0,1,0,0,0,0,0,0,LC_EQUIP_Equip_Leg_9,LC_EQUIP_Equip_Leg_9,LC_EQUIP_Equip_Leg_9,icon_equip_weapon_03,1,0,0,0,0,0,0
50412,腿部9-绿,6,0,0,0,1,0,0,0,0,0,0,LC_EQUIP_Equip_Leg_9,LC_EQUIP_Equip_Leg_9,LC_EQUIP_Equip_Leg_9,icon_equip_weapon_03,2,0,0,0,0,0,0
50413,腿部9-蓝,6,0,0,0,1,0,0,0,0,0,0,LC_EQUIP_Equip_Leg_9,LC_EQUIP_Equip_Leg_9,LC_EQUIP_Equip_Leg_9,icon_equip_weapon_03,3,0,0,0,0,0,0
50414,腿部9-紫,6,0,0,0,1,0,0,0,0,0,0,LC_EQUIP_Equip_Leg_9,LC_EQUIP_Equip_Leg_9,LC_EQUIP_Equip_Leg_9,icon_equip_weapon_03,4,0,0,0,0,0,0
50415,腿部9-金,6,0,0,0,1,0,0,0,0,0,0,LC_EQUIP_Equip_Leg_9,LC_EQUIP_Equip_Leg_9,LC_EQUIP_Equip_Leg_9,icon_equip_weapon_03,5,0,0,0,0,0,0
50421,腿部10-白,6,0,0,0,1,0,0,0,0,0,0,LC_EQUIP_Equip_Leg_10,LC_EQUIP_Equip_Leg_10,LC_EQUIP_Equip_Leg_10,icon_equip_weapon_03,1,0,0,0,0,0,0
50422,腿部10-绿,6,0,0,0,1,0,0,0,0,0,0,LC_EQUIP_Equip_Leg_10,LC_EQUIP_Equip_Leg_10,LC_EQUIP_Equip_Leg_10,icon_equip_weapon_03,2,0,0,0,0,0,0
50423,腿部10-蓝,6,0,0,0,1,0,0,0,0,0,0,LC_EQUIP_Equip_Leg_10,LC_EQUIP_Equip_Leg_10,LC_EQUIP_Equip_Leg_10,icon_equip_weapon_03,3,0,0,0,0,0,0
50424,腿部10-紫,6,0,0,0,1,0,0,0,0,0,0,LC_EQUIP_Equip_Leg_10,LC_EQUIP_Equip_Leg_10,LC_EQUIP_Equip_Leg_10,icon_equip_weapon_03,4,0,0,0,0,0,0
50425,腿部10-金,6,0,0,0,1,0,0,0,0,0,0,LC_EQUIP_Equip_Leg_10,LC_EQUIP_Equip_Leg_10,LC_EQUIP_Equip_Leg_10,icon_equip_weapon_03,5,0,0,0,0,0,0
50431,副手1-白,6,0,0,0,1,0,0,0,0,0,0,LC_EQUIP_Equip_OffHand_1,LC_EQUIP_Equip_OffHand_1,LC_EQUIP_Equip_OffHand_1,icon_equip_weapon_03,1,0,0,0,0,0,0
50432,副手1-绿,6,0,0,0,1,0,0,0,0,0,0,LC_EQUIP_Equip_OffHand_1,LC_EQUIP_Equip_OffHand_1,LC_EQUIP_Equip_OffHand_1,icon_equip_weapon_03,2,0,0,0,0,0,0
50433,副手1-蓝,6,0,0,0,1,0,0,0,0,0,0,LC_EQUIP_Equip_OffHand_1,LC_EQUIP_Equip_OffHand_1,LC_EQUIP_Equip_OffHand_1,icon_equip_weapon_03,3,0,0,0,0,0,0
50434,副手1-紫,6,0,0,0,1,0,0,0,0,0,0,LC_EQUIP_Equip_OffHand_1,LC_EQUIP_Equip_OffHand_1,LC_EQUIP_Equip_OffHand_1,icon_equip_weapon_03,4,0,0,0,0,0,0
50435,副手1-金,6,0,0,0,1,0,0,0,0,0,0,LC_EQUIP_Equip_OffHand_1,LC_EQUIP_Equip_OffHand_1,LC_EQUIP_Equip_OffHand_1,icon_equip_weapon_03,5,0,0,0,0,0,0
50441,副手2-白,6,0,0,0,1,0,0,0,0,0,0,LC_EQUIP_Equip_OffHand_2,LC_EQUIP_Equip_OffHand_2,LC_EQUIP_Equip_OffHand_2,icon_equip_weapon_03,1,0,0,0,0,0,0
50442,副手2-绿,6,0,0,0,1,0,0,0,0,0,0,LC_EQUIP_Equip_OffHand_2,LC_EQUIP_Equip_OffHand_2,LC_EQUIP_Equip_OffHand_2,icon_equip_weapon_03,2,0,0,0,0,0,0
50443,副手2-蓝,6,0,0,0,1,0,0,0,0,0,0,LC_EQUIP_Equip_OffHand_2,LC_EQUIP_Equip_OffHand_2,LC_EQUIP_Equip_OffHand_2,icon_equip_weapon_03,3,0,0,0,0,0,0
50444,副手2-紫,6,0,0,0,1,0,0,0,0,0,0,LC_EQUIP_Equip_OffHand_2,LC_EQUIP_Equip_OffHand_2,LC_EQUIP_Equip_OffHand_2,icon_equip_weapon_03,4,0,0,0,0,0,0
50445,副手2-金,6,0,0,0,1,0,0,0,0,0,0,LC_EQUIP_Equip_OffHand_2,LC_EQUIP_Equip_OffHand_2,LC_EQUIP_Equip_OffHand_2,icon_equip_weapon_03,5,0,0,0,0,0,0
50451,副手3-白,6,0,0,0,1,0,0,0,0,0,0,LC_EQUIP_Equip_OffHand_3,LC_EQUIP_Equip_OffHand_3,LC_EQUIP_Equip_OffHand_3,icon_equip_weapon_03,1,0,0,0,0,0,0
50452,副手3-绿,6,0,0,0,1,0,0,0,0,0,0,LC_EQUIP_Equip_OffHand_3,LC_EQUIP_Equip_OffHand_3,LC_EQUIP_Equip_OffHand_3,icon_equip_weapon_03,2,0,0,0,0,0,0
50453,副手3-蓝,6,0,0,0,1,0,0,0,0,0,0,LC_EQUIP_Equip_OffHand_3,LC_EQUIP_Equip_OffHand_3,LC_EQUIP_Equip_OffHand_3,icon_equip_weapon_03,3,0,0,0,0,0,0
50454,副手3-紫,6,0,0,0,1,0,0,0,0,0,0,LC_EQUIP_Equip_OffHand_3,LC_EQUIP_Equip_OffHand_3,LC_EQUIP_Equip_OffHand_3,icon_equip_weapon_03,4,0,0,0,0,0,0
50455,副手3-金,6,0,0,0,1,0,0,0,0,0,0,LC_EQUIP_Equip_OffHand_3,LC_EQUIP_Equip_OffHand_3,LC_EQUIP_Equip_OffHand_3,icon_equip_weapon_03,5,0,0,0,0,0,0
50461,副手4-白,6,0,0,0,1,0,0,0,0,0,0,LC_EQUIP_Equip_OffHand_4,LC_EQUIP_Equip_OffHand_4,LC_EQUIP_Equip_OffHand_4,icon_equip_weapon_03,1,0,0,0,0,0,0
50462,副手4-绿,6,0,0,0,1,0,0,0,0,0,0,LC_EQUIP_Equip_OffHand_4,LC_EQUIP_Equip_OffHand_4,LC_EQUIP_Equip_OffHand_4,icon_equip_weapon_03,2,0,0,0,0,0,0
50463,副手4-蓝,6,0,0,0,1,0,0,0,0,0,0,LC_EQUIP_Equip_OffHand_4,LC_EQUIP_Equip_OffHand_4,LC_EQUIP_Equip_OffHand_4,icon_equip_weapon_03,3,0,0,0,0,0,0
50464,副手4-紫,6,0,0,0,1,0,0,0,0,0,0,LC_EQUIP_Equip_OffHand_4,LC_EQUIP_Equip_OffHand_4,LC_EQUIP_Equip_OffHand_4,icon_equip_weapon_03,4,0,0,0,0,0,0
50465,副手4-金,6,0,0,0,1,0,0,0,0,0,0,LC_EQUIP_Equip_OffHand_4,LC_EQUIP_Equip_OffHand_4,LC_EQUIP_Equip_OffHand_4,icon_equip_weapon_03,5,0,0,0,0,0,0
50471,副手5-白,6,0,0,0,1,0,0,0,0,0,0,LC_EQUIP_Equip_OffHand_5,LC_EQUIP_Equip_OffHand_5,LC_EQUIP_Equip_OffHand_5,icon_equip_weapon_03,1,0,0,0,0,0,0
50472,副手5-绿,6,0,0,0,1,0,0,0,0,0,0,LC_EQUIP_Equip_OffHand_5,LC_EQUIP_Equip_OffHand_5,LC_EQUIP_Equip_OffHand_5,icon_equip_weapon_03,2,0,0,0,0,0,0
50473,副手5-蓝,6,0,0,0,1,0,0,0,0,0,0,LC_EQUIP_Equip_OffHand_5,LC_EQUIP_Equip_OffHand_5,LC_EQUIP_Equip_OffHand_5,icon_equip_weapon_03,3,0,0,0,0,0,0
50474,副手5-紫,6,0,0,0,1,0,0,0,0,0,0,LC_EQUIP_Equip_OffHand_5,LC_EQUIP_Equip_OffHand_5,LC_EQUIP_Equip_OffHand_5,icon_equip_weapon_03,4,0,0,0,0,0,0
50475,副手5-金,6,0,0,0,1,0,0,0,0,0,0,LC_EQUIP_Equip_OffHand_5,LC_EQUIP_Equip_OffHand_5,LC_EQUIP_Equip_OffHand_5,icon_equip_weapon_03,5,0,0,0,0,0,0
50481,副手6-白,6,0,0,0,1,0,0,0,0,0,0,LC_EQUIP_Equip_OffHand_6,LC_EQUIP_Equip_OffHand_6,LC_EQUIP_Equip_OffHand_6,icon_equip_weapon_03,1,0,0,0,0,0,0
50482,副手6-绿,6,0,0,0,1,0,0,0,0,0,0,LC_EQUIP_Equip_OffHand_6,LC_EQUIP_Equip_OffHand_6,LC_EQUIP_Equip_OffHand_6,icon_equip_weapon_03,2,0,0,0,0,0,0
50483,副手6-蓝,6,0,0,0,1,0,0,0,0,0,0,LC_EQUIP_Equip_OffHand_6,LC_EQUIP_Equip_OffHand_6,LC_EQUIP_Equip_OffHand_6,icon_equip_weapon_03,3,0,0,0,0,0,0
50484,副手6-紫,6,0,0,0,1,0,0,0,0,0,0,LC_EQUIP_Equip_OffHand_6,LC_EQUIP_Equip_OffHand_6,LC_EQUIP_Equip_OffHand_6,icon_equip_weapon_03,4,0,0,0,0,0,0
50485,副手6-金,6,0,0,0,1,0,0,0,0,0,0,LC_EQUIP_Equip_OffHand_6,LC_EQUIP_Equip_OffHand_6,LC_EQUIP_Equip_OffHand_6,icon_equip_weapon_03,5,0,0,0,0,0,0
50491,副手7-白,6,0,0,0,1,0,0,0,0,0,0,LC_EQUIP_Equip_OffHand_7,LC_EQUIP_Equip_OffHand_7,LC_EQUIP_Equip_OffHand_7,icon_equip_weapon_03,1,0,0,0,0,0,0
50492,副手7-绿,6,0,0,0,1,0,0,0,0,0,0,LC_EQUIP_Equip_OffHand_7,LC_EQUIP_Equip_OffHand_7,LC_EQUIP_Equip_OffHand_7,icon_equip_weapon_03,2,0,0,0,0,0,0
50493,副手7-蓝,6,0,0,0,1,0,0,0,0,0,0,LC_EQUIP_Equip_OffHand_7,LC_EQUIP_Equip_OffHand_7,LC_EQUIP_Equip_OffHand_7,icon_equip_weapon_03,3,0,0,0,0,0,0
50494,副手7-紫,6,0,0,0,1,0,0,0,0,0,0,LC_EQUIP_Equip_OffHand_7,LC_EQUIP_Equip_OffHand_7,LC_EQUIP_Equip_OffHand_7,icon_equip_weapon_03,4,0,0,0,0,0,0
50495,副手7-金,6,0,0,0,1,0,0,0,0,0,0,LC_EQUIP_Equip_OffHand_7,LC_EQUIP_Equip_OffHand_7,LC_EQUIP_Equip_OffHand_7,icon_equip_weapon_03,5,0,0,0,0,0,0
50501,副手8-白,6,0,0,0,1,0,0,0,0,0,0,LC_EQUIP_Equip_OffHand_8,LC_EQUIP_Equip_OffHand_8,LC_EQUIP_Equip_OffHand_8,icon_equip_weapon_03,1,0,0,0,0,0,0
50502,副手8-绿,6,0,0,0,1,0,0,0,0,0,0,LC_EQUIP_Equip_OffHand_8,LC_EQUIP_Equip_OffHand_8,LC_EQUIP_Equip_OffHand_8,icon_equip_weapon_03,2,0,0,0,0,0,0
50503,副手8-蓝,6,0,0,0,1,0,0,0,0,0,0,LC_EQUIP_Equip_OffHand_8,LC_EQUIP_Equip_OffHand_8,LC_EQUIP_Equip_OffHand_8,icon_equip_weapon_03,3,0,0,0,0,0,0
50504,副手8-紫,6,0,0,0,1,0,0,0,0,0,0,LC_EQUIP_Equip_OffHand_8,LC_EQUIP_Equip_OffHand_8,LC_EQUIP_Equip_OffHand_8,icon_equip_weapon_03,4,0,0,0,0,0,0
50505,副手8-金,6,0,0,0,1,0,0,0,0,0,0,LC_EQUIP_Equip_OffHand_8,LC_EQUIP_Equip_OffHand_8,LC_EQUIP_Equip_OffHand_8,icon_equip_weapon_03,5,0,0,0,0,0,0
50511,副手9-白,6,0,0,0,1,0,0,0,0,0,0,LC_EQUIP_Equip_OffHand_9,LC_EQUIP_Equip_OffHand_9,LC_EQUIP_Equip_OffHand_9,icon_equip_weapon_03,1,0,0,0,0,0,0
50512,副手9-绿,6,0,0,0,1,0,0,0,0,0,0,LC_EQUIP_Equip_OffHand_9,LC_EQUIP_Equip_OffHand_9,LC_EQUIP_Equip_OffHand_9,icon_equip_weapon_03,2,0,0,0,0,0,0
50513,副手9-蓝,6,0,0,0,1,0,0,0,0,0,0,LC_EQUIP_Equip_OffHand_9,LC_EQUIP_Equip_OffHand_9,LC_EQUIP_Equip_OffHand_9,icon_equip_weapon_03,3,0,0,0,0,0,0
50514,副手9-紫,6,0,0,0,1,0,0,0,0,0,0,LC_EQUIP_Equip_OffHand_9,LC_EQUIP_Equip_OffHand_9,LC_EQUIP_Equip_OffHand_9,icon_equip_weapon_03,4,0,0,0,0,0,0
50515,副手9-金,6,0,0,0,1,0,0,0,0,0,0,LC_EQUIP_Equip_OffHand_9,LC_EQUIP_Equip_OffHand_9,LC_EQUIP_Equip_OffHand_9,icon_equip_weapon_03,5,0,0,0,0,0,0
50521,副手10-白,6,0,0,0,1,0,0,0,0,0,0,LC_EQUIP_Equip_OffHand_10,LC_EQUIP_Equip_OffHand_10,LC_EQUIP_Equip_OffHand_10,icon_equip_weapon_03,1,0,0,0,0,0,0
50522,副手10-绿,6,0,0,0,1,0,0,0,0,0,0,LC_EQUIP_Equip_OffHand_10,LC_EQUIP_Equip_OffHand_10,LC_EQUIP_Equip_OffHand_10,icon_equip_weapon_03,2,0,0,0,0,0,0
50523,副手10-蓝,6,0,0,0,1,0,0,0,0,0,0,LC_EQUIP_Equip_OffHand_10,LC_EQUIP_Equip_OffHand_10,LC_EQUIP_Equip_OffHand_10,icon_equip_weapon_03,3,0,0,0,0,0,0
50524,副手10-紫,6,0,0,0,1,0,0,0,0,0,0,LC_EQUIP_Equip_OffHand_10,LC_EQUIP_Equip_OffHand_10,LC_EQUIP_Equip_OffHand_10,icon_equip_weapon_03,4,0,0,0,0,0,0
50525,副手10-金,6,0,0,0,1,0,0,0,0,0,0,LC_EQUIP_Equip_OffHand_10,LC_EQUIP_Equip_OffHand_10,LC_EQUIP_Equip_OffHand_10,icon_equip_weapon_03,5,0,0,0,0,0,0
50531,饰品1-白,6,0,0,0,1,0,0,0,0,0,0,LC_EQUIP_Equip_Accessory_1,LC_EQUIP_Equip_Accessory_1,LC_EQUIP_Equip_Accessory_1,icon_equip_weapon_03,1,0,0,0,0,0,0
50532,饰品1-绿,6,0,0,0,1,0,0,0,0,0,0,LC_EQUIP_Equip_Accessory_1,LC_EQUIP_Equip_Accessory_1,LC_EQUIP_Equip_Accessory_1,icon_equip_weapon_03,2,0,0,0,0,0,0
50533,饰品1-蓝,6,0,0,0,1,0,0,0,0,0,0,LC_EQUIP_Equip_Accessory_1,LC_EQUIP_Equip_Accessory_1,LC_EQUIP_Equip_Accessory_1,icon_equip_weapon_03,3,0,0,0,0,0,0
50534,饰品1-紫,6,0,0,0,1,0,0,0,0,0,0,LC_EQUIP_Equip_Accessory_1,LC_EQUIP_Equip_Accessory_1,LC_EQUIP_Equip_Accessory_1,icon_equip_weapon_03,4,0,0,0,0,0,0
50535,饰品1-金,6,0,0,0,1,0,0,0,0,0,0,LC_EQUIP_Equip_Accessory_1,LC_EQUIP_Equip_Accessory_1,LC_EQUIP_Equip_Accessory_1,icon_equip_weapon_03,5,0,0,0,0,0,0
50541,饰品2-白,6,0,0,0,1,0,0,0,0,0,0,LC_EQUIP_Equip_Accessory_2,LC_EQUIP_Equip_Accessory_2,LC_EQUIP_Equip_Accessory_2,icon_equip_weapon_03,1,0,0,0,0,0,0
50542,饰品2-绿,6,0,0,0,1,0,0,0,0,0,0,LC_EQUIP_Equip_Accessory_2,LC_EQUIP_Equip_Accessory_2,LC_EQUIP_Equip_Accessory_2,icon_equip_weapon_03,2,0,0,0,0,0,0
50543,饰品2-蓝,6,0,0,0,1,0,0,0,0,0,0,LC_EQUIP_Equip_Accessory_2,LC_EQUIP_Equip_Accessory_2,LC_EQUIP_Equip_Accessory_2,icon_equip_weapon_03,3,0,0,0,0,0,0
50544,饰品2-紫,6,0,0,0,1,0,0,0,0,0,0,LC_EQUIP_Equip_Accessory_2,LC_EQUIP_Equip_Accessory_2,LC_EQUIP_Equip_Accessory_2,icon_equip_weapon_03,4,0,0,0,0,0,0
50545,饰品2-金,6,0,0,0,1,0,0,0,0,0,0,LC_EQUIP_Equip_Accessory_2,LC_EQUIP_Equip_Accessory_2,LC_EQUIP_Equip_Accessory_2,icon_equip_weapon_03,5,0,0,0,0,0,0
50551,饰品3-白,6,0,0,0,1,0,0,0,0,0,0,LC_EQUIP_Equip_Accessory_3,LC_EQUIP_Equip_Accessory_3,LC_EQUIP_Equip_Accessory_3,icon_equip_weapon_03,1,0,0,0,0,0,0
50552,饰品3-绿,6,0,0,0,1,0,0,0,0,0,0,LC_EQUIP_Equip_Accessory_3,LC_EQUIP_Equip_Accessory_3,LC_EQUIP_Equip_Accessory_3,icon_equip_weapon_03,2,0,0,0,0,0,0
50553,饰品3-蓝,6,0,0,0,1,0,0,0,0,0,0,LC_EQUIP_Equip_Accessory_3,LC_EQUIP_Equip_Accessory_3,LC_EQUIP_Equip_Accessory_3,icon_equip_weapon_03,3,0,0,0,0,0,0
50554,饰品3-紫,6,0,0,0,1,0,0,0,0,0,0,LC_EQUIP_Equip_Accessory_3,LC_EQUIP_Equip_Accessory_3,LC_EQUIP_Equip_Accessory_3,icon_equip_weapon_03,4,0,0,0,0,0,0
50555,饰品3-金,6,0,0,0,1,0,0,0,0,0,0,LC_EQUIP_Equip_Accessory_3,LC_EQUIP_Equip_Accessory_3,LC_EQUIP_Equip_Accessory_3,icon_equip_weapon_03,5,0,0,0,0,0,0
50561,饰品4-白,6,0,0,0,1,0,0,0,0,0,0,LC_EQUIP_Equip_Accessory_4,LC_EQUIP_Equip_Accessory_4,LC_EQUIP_Equip_Accessory_4,icon_equip_weapon_03,1,0,0,0,0,0,0
50562,饰品4-绿,6,0,0,0,1,0,0,0,0,0,0,LC_EQUIP_Equip_Accessory_4,LC_EQUIP_Equip_Accessory_4,LC_EQUIP_Equip_Accessory_4,icon_equip_weapon_03,2,0,0,0,0,0,0
50563,饰品4-蓝,6,0,0,0,1,0,0,0,0,0,0,LC_EQUIP_Equip_Accessory_4,LC_EQUIP_Equip_Accessory_4,LC_EQUIP_Equip_Accessory_4,icon_equip_weapon_03,3,0,0,0,0,0,0
50564,饰品4-紫,6,0,0,0,1,0,0,0,0,0,0,LC_EQUIP_Equip_Accessory_4,LC_EQUIP_Equip_Accessory_4,LC_EQUIP_Equip_Accessory_4,icon_equip_weapon_03,4,0,0,0,0,0,0
50565,饰品4-金,6,0,0,0,1,0,0,0,0,0,0,LC_EQUIP_Equip_Accessory_4,LC_EQUIP_Equip_Accessory_4,LC_EQUIP_Equip_Accessory_4,icon_equip_weapon_03,5,0,0,0,0,0,0
50571,饰品5-白,6,0,0,0,1,0,0,0,0,0,0,LC_EQUIP_Equip_Accessory_5,LC_EQUIP_Equip_Accessory_5,LC_EQUIP_Equip_Accessory_5,icon_equip_weapon_03,1,0,0,0,0,0,0
50572,饰品5-绿,6,0,0,0,1,0,0,0,0,0,0,LC_EQUIP_Equip_Accessory_5,LC_EQUIP_Equip_Accessory_5,LC_EQUIP_Equip_Accessory_5,icon_equip_weapon_03,2,0,0,0,0,0,0
50573,饰品5-蓝,6,0,0,0,1,0,0,0,0,0,0,LC_EQUIP_Equip_Accessory_5,LC_EQUIP_Equip_Accessory_5,LC_EQUIP_Equip_Accessory_5,icon_equip_weapon_03,3,0,0,0,0,0,0
50574,饰品5-紫,6,0,0,0,1,0,0,0,0,0,0,LC_EQUIP_Equip_Accessory_5,LC_EQUIP_Equip_Accessory_5,LC_EQUIP_Equip_Accessory_5,icon_equip_weapon_03,4,0,0,0,0,0,0
50575,饰品5-金,6,0,0,0,1,0,0,0,0,0,0,LC_EQUIP_Equip_Accessory_5,LC_EQUIP_Equip_Accessory_5,LC_EQUIP_Equip_Accessory_5,icon_equip_weapon_03,5,0,0,0,0,0,0
50581,饰品6-白,6,0,0,0,1,0,0,0,0,0,0,LC_EQUIP_Equip_Accessory_6,LC_EQUIP_Equip_Accessory_6,LC_EQUIP_Equip_Accessory_6,icon_equip_weapon_03,1,0,0,0,0,0,0
50582,饰品6-绿,6,0,0,0,1,0,0,0,0,0,0,LC_EQUIP_Equip_Accessory_6,LC_EQUIP_Equip_Accessory_6,LC_EQUIP_Equip_Accessory_6,icon_equip_weapon_03,2,0,0,0,0,0,0
50583,饰品6-蓝,6,0,0,0,1,0,0,0,0,0,0,LC_EQUIP_Equip_Accessory_6,LC_EQUIP_Equip_Accessory_6,LC_EQUIP_Equip_Accessory_6,icon_equip_weapon_03,3,0,0,0,0,0,0
50584,饰品6-紫,6,0,0,0,1,0,0,0,0,0,0,LC_EQUIP_Equip_Accessory_6,LC_EQUIP_Equip_Accessory_6,LC_EQUIP_Equip_Accessory_6,icon_equip_weapon_03,4,0,0,0,0,0,0
50585,饰品6-金,6,0,0,0,1,0,0,0,0,0,0,LC_EQUIP_Equip_Accessory_6,LC_EQUIP_Equip_Accessory_6,LC_EQUIP_Equip_Accessory_6,icon_equip_weapon_03,5,0,0,0,0,0,0
50591,饰品7-白,6,0,0,0,1,0,0,0,0,0,0,LC_EQUIP_Equip_Accessory_7,LC_EQUIP_Equip_Accessory_7,LC_EQUIP_Equip_Accessory_7,icon_equip_weapon_03,1,0,0,0,0,0,0
50592,饰品7-绿,6,0,0,0,1,0,0,0,0,0,0,LC_EQUIP_Equip_Accessory_7,LC_EQUIP_Equip_Accessory_7,LC_EQUIP_Equip_Accessory_7,icon_equip_weapon_03,2,0,0,0,0,0,0
50593,饰品7-蓝,6,0,0,0,1,0,0,0,0,0,0,LC_EQUIP_Equip_Accessory_7,LC_EQUIP_Equip_Accessory_7,LC_EQUIP_Equip_Accessory_7,icon_equip_weapon_03,3,0,0,0,0,0,0
50594,饰品7-紫,6,0,0,0,1,0,0,0,0,0,0,LC_EQUIP_Equip_Accessory_7,LC_EQUIP_Equip_Accessory_7,LC_EQUIP_Equip_Accessory_7,icon_equip_weapon_03,4,0,0,0,0,0,0
50595,饰品7-金,6,0,0,0,1,0,0,0,0,0,0,LC_EQUIP_Equip_Accessory_7,LC_EQUIP_Equip_Accessory_7,LC_EQUIP_Equip_Accessory_7,icon_equip_weapon_03,5,0,0,0,0,0,0
50601,饰品8-白,6,0,0,0,1,0,0,0,0,0,0,LC_EQUIP_Equip_Accessory_8,LC_EQUIP_Equip_Accessory_8,LC_EQUIP_Equip_Accessory_8,icon_equip_weapon_03,1,0,0,0,0,0,0
50602,饰品8-绿,6,0,0,0,1,0,0,0,0,0,0,LC_EQUIP_Equip_Accessory_8,LC_EQUIP_Equip_Accessory_8,LC_EQUIP_Equip_Accessory_8,icon_equip_weapon_03,2,0,0,0,0,0,0
50603,饰品8-蓝,6,0,0,0,1,0,0,0,0,0,0,LC_EQUIP_Equip_Accessory_8,LC_EQUIP_Equip_Accessory_8,LC_EQUIP_Equip_Accessory_8,icon_equip_weapon_03,3,0,0,0,0,0,0
50604,饰品8-紫,6,0,0,0,1,0,0,0,0,0,0,LC_EQUIP_Equip_Accessory_8,LC_EQUIP_Equip_Accessory_8,LC_EQUIP_Equip_Accessory_8,icon_equip_weapon_03,4,0,0,0,0,0,0
50605,饰品8-金,6,0,0,0,1,0,0,0,0,0,0,LC_EQUIP_Equip_Accessory_8,LC_EQUIP_Equip_Accessory_8,LC_EQUIP_Equip_Accessory_8,icon_equip_weapon_03,5,0,0,0,0,0,0
50611,饰品9-白,6,0,0,0,1,0,0,0,0,0,0,LC_EQUIP_Equip_Accessory_9,LC_EQUIP_Equip_Accessory_9,LC_EQUIP_Equip_Accessory_9,icon_equip_weapon_03,1,0,0,0,0,0,0
50612,饰品9-绿,6,0,0,0,1,0,0,0,0,0,0,LC_EQUIP_Equip_Accessory_9,LC_EQUIP_Equip_Accessory_9,LC_EQUIP_Equip_Accessory_9,icon_equip_weapon_03,2,0,0,0,0,0,0
50613,饰品9-蓝,6,0,0,0,1,0,0,0,0,0,0,LC_EQUIP_Equip_Accessory_9,LC_EQUIP_Equip_Accessory_9,LC_EQUIP_Equip_Accessory_9,icon_equip_weapon_03,3,0,0,0,0,0,0
50614,饰品9-紫,6,0,0,0,1,0,0,0,0,0,0,LC_EQUIP_Equip_Accessory_9,LC_EQUIP_Equip_Accessory_9,LC_EQUIP_Equip_Accessory_9,icon_equip_weapon_03,4,0,0,0,0,0,0
50615,饰品9-金,6,0,0,0,1,0,0,0,0,0,0,LC_EQUIP_Equip_Accessory_9,LC_EQUIP_Equip_Accessory_9,LC_EQUIP_Equip_Accessory_9,icon_equip_weapon_03,5,0,0,0,0,0,0
50621,饰品10-白,6,0,0,0,1,0,0,0,0,0,0,LC_EQUIP_Equip_Accessory_10,LC_EQUIP_Equip_Accessory_10,LC_EQUIP_Equip_Accessory_10,icon_equip_weapon_03,1,0,0,0,0,0,0
50622,饰品10-绿,6,0,0,0,1,0,0,0,0,0,0,LC_EQUIP_Equip_Accessory_10,LC_EQUIP_Equip_Accessory_10,LC_EQUIP_Equip_Accessory_10,icon_equip_weapon_03,2,0,0,0,0,0,0
50623,饰品10-蓝,6,0,0,0,1,0,0,0,0,0,0,LC_EQUIP_Equip_Accessory_10,LC_EQUIP_Equip_Accessory_10,LC_EQUIP_Equip_Accessory_10,icon_equip_weapon_03,3,0,0,0,0,0,0
50624,饰品10-紫,6,0,0,0,1,0,0,0,0,0,0,LC_EQUIP_Equip_Accessory_10,LC_EQUIP_Equip_Accessory_10,LC_EQUIP_Equip_Accessory_10,icon_equip_weapon_03,4,0,0,0,0,0,0
50625,饰品10-金,6,0,0,0,1,0,0,0,0,0,0,LC_EQUIP_Equip_Accessory_10,LC_EQUIP_Equip_Accessory_10,LC_EQUIP_Equip_Accessory_10,icon_equip_weapon_03,5,0,0,0,0,0,0
50631,饰品11-白,6,0,0,0,1,0,0,0,0,0,0,LC_EQUIP_Equip_Accessory_11,LC_EQUIP_Equip_Accessory_11,LC_EQUIP_Equip_Accessory_11,icon_equip_weapon_03,1,0,0,0,0,0,0
50632,饰品11-绿,6,0,0,0,1,0,0,0,0,0,0,LC_EQUIP_Equip_Accessory_11,LC_EQUIP_Equip_Accessory_11,LC_EQUIP_Equip_Accessory_11,icon_equip_weapon_03,2,0,0,0,0,0,0
50633,饰品11-蓝,6,0,0,0,1,0,0,0,0,0,0,LC_EQUIP_Equip_Accessory_11,LC_EQUIP_Equip_Accessory_11,LC_EQUIP_Equip_Accessory_11,icon_equip_weapon_03,3,0,0,0,0,0,0
50634,饰品11-紫,6,0,0,0,1,0,0,0,0,0,0,LC_EQUIP_Equip_Accessory_11,LC_EQUIP_Equip_Accessory_11,LC_EQUIP_Equip_Accessory_11,icon_equip_weapon_03,4,0,0,0,0,0,0
50635,饰品11-金,6,0,0,0,1,0,0,0,0,0,0,LC_EQUIP_Equip_Accessory_11,LC_EQUIP_Equip_Accessory_11,LC_EQUIP_Equip_Accessory_11,icon_equip_weapon_03,5,0,0,0,0,0,0
50641,饰品12-白,6,0,0,0,1,0,0,0,0,0,0,LC_EQUIP_Equip_Accessory_12,LC_EQUIP_Equip_Accessory_12,LC_EQUIP_Equip_Accessory_12,icon_equip_weapon_03,1,0,0,0,0,0,0
50642,饰品12-绿,6,0,0,0,1,0,0,0,0,0,0,LC_EQUIP_Equip_Accessory_12,LC_EQUIP_Equip_Accessory_12,LC_EQUIP_Equip_Accessory_12,icon_equip_weapon_03,2,0,0,0,0,0,0
50643,饰品12-蓝,6,0,0,0,1,0,0,0,0,0,0,LC_EQUIP_Equip_Accessory_12,LC_EQUIP_Equip_Accessory_12,LC_EQUIP_Equip_Accessory_12,icon_equip_weapon_03,3,0,0,0,0,0,0
50644,饰品12-紫,6,0,0,0,1,0,0,0,0,0,0,LC_EQUIP_Equip_Accessory_12,LC_EQUIP_Equip_Accessory_12,LC_EQUIP_Equip_Accessory_12,icon_equip_weapon_03,4,0,0,0,0,0,0
50645,饰品12-金,6,0,0,0,1,0,0,0,0,0,0,LC_EQUIP_Equip_Accessory_12,LC_EQUIP_Equip_Accessory_12,LC_EQUIP_Equip_Accessory_12,icon_equip_weapon_03,5,0,0,0,0,0,0
